Workbook

Sheet 1. Raw Data
A1: employee_id | B1: age | C1: department | D1: job_level | E1: education_field | F1: tenure_years | G1: monthly_income | H1: overtime | I1: job_satisfaction | J1: worklife_balance | K1: distance_from_home_km | L1: years_since_last_promotion | M1: trainings_last_year | N1: attrition | P1: Highlighted cells = data quality issues fixed in the next tab
A2: EMP-0001 | B2: 47 | C2: Engineering | D2: Junior | E2: Business | F2: 11.4 | G2: 3323.12 | H2: No | I2: 1 | J2: 2 | K2: 5 | L2: 2 | M2: 2 | N2: Yes
A3: EMP-0002 | B3: 30 | C3: Sales | D3: Mid | E3: Marketing | F3: 7.2 | G3: 4438.49 | H3: No | I3: 4 | J3: 1 | K3: 7 | L3: 5 | M3: 1 | N3: No
A4: EMP-0003 | B4: 34 | C4: Customer Support | D4: Senior | E4: Technical | F4: 4.2 | G4: 7805.91 | H4: Yes | I4: 2 | J4: 3 | K4: 3 | L4: 1 | M4: 3 | N4: No
A5: EMP-0004 | B5: 25 | C5: Sales | D5: Mid | E5: Business | F5: 1 | G5: 4840.78 | H5: Yes | I5: 3 | J5: 3 | K5: 4 | L5: 1 | M5: 2 | N5: No
A6: EMP-0005 | B6: 21 | C6: Sales | D6: Mid | E6: Business | F6: 0 | G6: 4958.48 | H6: No | I6: 1 | J6: 1 | K6: 9 | L6: 0 | M6: 3 | N6: Yes
A7: EMP-0006 | B7: 21 | C7: Finance | D7: Junior | E7: Technical | F7: 0 | G7: 2983.33 | H7: No | I7: 4 | J7: 4 | K7: 5 | L7: 0 | M7: 0 | N7: No
A8: EMP-0007 | B8: 47 | C8: Customer Support | D8: Mid | E8: Business | F8: 2 | G8: 4309.95 | H8: Yes | I8: 3 | J8: 2 | K8: 1 | L8: 1 | M8: 4 | N8: No
A9: EMP-0008 | B9: 31 | C9: Customer Support | D9: Mid | E9: Technical | F9: 6.5 | G9: 5213.86 | H9: No | I9: 4 | J9: 1 | K9: 16 | L9: 0 | M9: 3 | N9: No
A10: EMP-0009 | B10: 32 | C10: Sales | D10: Senior | E10: Marketing | F10: 5 | G10: 7197.82 | H10: No | I10: 4 | J10: 4 | K10: 11 | L10: 0 | M10: 2 | N10: No
A11: EMP-0010 | B11: 29 | C11: Engineering | D11: Mid | E11: Marketing | F11: 2.8 | G11: 5471.8 | H11: No | I11: 2 | J11: 2 | K11: 8 | L11: 0 | M11: 1 | N11: Yes
A12: EMP-0011 | B12: 37 | C12: Customer Support | D12: Mid | E12: Business | F12: 0.1 | G12: 4974.84 | H12: No | I12: 4 | J12: 2 | K12: 1 | L12: 0 | M12: 2 | N12: No
A13: EMP-0012 | B13: 37 | C13: Customer Support | D13: Mid | E13: Marketing | F13: 5.6 | G13: 4362.7 | H13: No | I13: 4 | J13: 3 | K13: 1 | L13: 0 | M13: 2 | N13: Yes
... A136: EMP-0135 | B136: 38 | C136: Marketing | D136: Junior | E136: Technical | F136: 0.5 | G136: 3647.98 | H136: No | I136: 1 | J136: 4 | K136: 7 | L136: 0 | M136: 4 | N136: No
A137: EMP-0136 | B137: 35 | C137: Marketing | D137: Junior | E137: Technical | F137: 10.4 | H137: No | I137: 2 | J137: 2 | K137: 7 | L137: 0 | M137: 2 | N137: No
A138: EMP-0137 | B138: 21 | C138: Engineering | D138: Junior | E138: Business | F138: 0 | G138: 3340.46 | H138: No | I138: 2 | J138: 4 | K138: 1 | L138: 0 | M138: 3 | N138: No
A139: EMP-0138 | B139: 35 | C139: Finance | D139: Junior | E139: Marketing | F139: 9 | G139: 3226.19 | H139: No | I139: 3 | J139: 4 | K139: 1 | L139: 2 | M139: 3 | N139: No
A140: EMP-0139 | B140: 34 | C140: Engineering | D140: Junior | E140: Other | F140: 1.4 | G140: 3328.93 | H140: Yes | I140: 1 | J140: 1 | K140: 8 | L140: 0 | M140: 2 | N140: Yes
A141: EMP-0140 | B141: 31 | C141: Marketing | D141: Mid | E141: Marketing | F141: 1.6 | G141: 5385.84 | H141: No | I141: 2 | J141: 4 | K141: 1 | L141: 1 | M141: 3 | N141: No
A142: EMP-0141 | B142: 28 | C142: Customer Support | D142: Mid | E142: Business | F142: 6.1 | G142: 5732.86 | H142: Yes | I142: 3 | J142: 3 | K142: 12 | L142: 3 | M142: 3 | N142: No
A143: EMP-0142 | B143: 31 | C143: Engineering | D143: Junior | E143: Other | F143: 3.7 | G143: 3059.05 | H143: No | I143: 3 | J143: 3 | K143: 1 | L143: 2 | M143: 2 | N143: No
A144: EMP-0143 | B144: 38 | C144: Sales | D144: Mid | E144: Marketing | F144: 1.5 | G144: 5635.63 | H144: Yes | I144: 2 | J144: 3 | K144: 1 | L144: 0 | M144: 3 | N144: Yes
A145: EMP-0144 | B145: 33 | C145: Marketing | D145: Mid | E145: Technical | F145: 6.7 | G145: 5053.82 | H145: Yes | I145: 3 | J145: 2 | K145: 1 | L145: 1 | M145: 0 | N145: Yes
A146: EMP-0145 | B146: 24 | C146: Sales | D146: Senior | E146: Technical | F146: 1.1 | G146: 7216.61 | H146: Yes | I146: 2 | J146: 2 | K146: 22 | L146: 0 | M146: 5 | N146: Yes
A147: EMP-0146 | B147: 32 | C147: Engineering | D147: Junior | E147: Other | F147: 2.8 | G147: 3226.7 | H147: No | I147: 2 | J147: 3 | K147: 1 | L147: 0 | M147: 1 | N147: No
A148: EMP-0147 | B148: 29 | C148: Sales | D148: Junior | E148: Technical | F148: 3.7 | G148: 3730.34 | H148: No | I148: 3 | J148: 3 | K148: 4 | L148: 1 | M148: 2 | N148: No
A149: EMP-0148 | B149: 39 | C149: Sales | D149: Senior | E149: Business | F149: 2.7 | G149: 6848.28 | H149: No | I149: 2 | J149: 3 | K149: 6 | L149: 0 | M149: 2 | N149: No
... A190: EMP-0189 | B190: 38 | C190: HR | D190: Senior | E190: Marketing | F190: 6.1 | G190: 7952.13 | H190: No | I190: 2 | J190: 3 | K190: 8 | L190: 0 | M190: 4 | N190: Yes
A191: EMP-0190 | B191: 27 | C191: Engineering | D191: Junior | E191: Other | F191: 0.3 | H191: Yes | I191: 3 | J191: 2 | K191: 20 | L191: 0 | M191: 3 | N191: No
A192: EMP-0191 | B192: 25 | C192: Marketing | D192: Mid | E192: Marketing | F192: 4 | H192: No | I192: 2 | J192: 3 | K192: 1 | L192: 0 | M192: 2 | N192: No
A193: EMP-0192 | B193: 31 | C193: Marketing | D193: Senior | E193: Business | F193: 2.2 | G193: 7787.1 | H193: Yes | I193: 3 | J193: 3 | K193: 2 | L193: 0 | M193: 3 | N193: No
A194: EMP-0193 | B194: 46 | C194: Engineering | D194: Junior | E194: Marketing | F194: 9.8 | G194: 3645.19 | H194: Yes | I194: 2 | J194: 1 | K194: 1 | L194: 1 | M194: 1 | N194: No
A195: EMP-0194 | B195: 42 | C195: Customer Support | D195: Junior | E195: Marketing | F195: 7.6 | G195: 3644.27 | H195: Yes | I195: 2 | J195: 1 | K195: 4 | L195: 5 | M195: 2 | N195: Yes
A196: EMP-0195 | B196: 29 | C196: Engineering | D196: Junior | E196: Marketing | F196: 1.2 | G196: 3546.51 | H196: Yes | I196: 1 | J196: 3 | K196: 4 | L196: 0 | M196: 2 | N196: Yes
A197: EMP-0196 | B197: 41 | C197: Finance | D197: Mid | E197: Business | F197: 4.6 | G197: 5501.18 | H197: No | I197: 4 | J197: 2 | K197: 4 | L197: 3 | M197: 3 | N197: No
A198: EMP-0197 | B198: 40 | C198: Finance | D198: Mid | E198: Technical | F198: 0.2 | G198: 4509.16 | H198: No | I198: 3 | J198: 3 | K198: 2 | L198: 0 | M198: 1 | N198: No
A199: EMP-0198 | B199: 40 | C199: HR | D199: Junior | E199: Other | F199: 2.4 | G199: 3306.38 | H199: No | I199: 3 | J199: 3 | K199: 16 | L199: 2 | M199: 2 | N199: No
A200: EMP-0199 | B200: 31 | C200: Engineering | D200: Senior | E200: Marketing | F200: 5.8 | G200: 7892.16 | H200: No | I200: 1 | J200: 1 | K200: 9 | L200: 1 | M200: 1 | N200: Yes
A201: EMP-0200 | B201: 21 | C201: Customer Support | D201: Senior | E201: Technical | F201: 0 | G201: 7033.25 | H201: No | I201: 2 | J201: 3 | K201: 1 | L201: 0 | M201: 1 | N201: No
A202: EMP-0201 | B202: 27 | C202: Sales | D202: Mid | E202: Marketing | F202: 0.5 | G202: 4421.59 | H202: Yes | I202: 2 | J202: 3 | K202: 2 | L202: 0 | M202: 0 | N202: No
A203: EMP-0202 | B203: 21 | C203: Engineering | D203: Senior | E203: Marketing | F203: 0 | G203: 8384 | H203: No | I203: 1 | J203: 3 | K203: 11 | L203: 0 | M203: 0 | N203: Yes
A204: EMP-0203 | B204: 21 | C204: Engineering | D204: Junior | E204: Other | F204: 0 | G204: 3016.61 | H204: No | I204: 4 | J204: 2 | K204: 13 | L204: 0 | M204: 2 | N204: No
... A229: EMP-0228 | B229: 30 | C229: Customer Support | D229: Mid | E229: Other | F229: 2.3 | G229: 4623.63 | H229: Yes | I229: 4 | J229: 2 | K229: 1 | L229: 2 | M229: 0 | N229: Yes
A230: EMP-0229 | B230: 46 | C230: HR | D230: Junior | E230: Business | F230: 11.4 | H230: No | I230: 4 | J230: 3 | K230: 15 | L230: 0 | M230: 2 | N230: No
A231: EMP-0230 | B231: 33 | C231: Engineering | D231: Lead | E231: Technical | F231: 1.4 | G231: 9189.04 | H231: Yes | I231: 2 | J231: 2 | K231: 6 | L231: 1 | M231: 1 | N231: No
A232: EMP-0231 | B232: 27 | C232: Engineering | D232: Junior | E232: Business | F232: 2 | G232: 3807.25 | H232: No | I232: 3 | J232: 2 | K232: 1 | L232: 0 | M232: 1 | N232: No
A233: EMP-0232 | B233: 38 | C233: Sales | D233: Junior | E233: Other | F233: 0.6 | G233: 3228.92 | H233: No | I233: 4 | J233: 4 | K233: 25 | L233: 0 | M233: 2 | N233: Yes
A234: EMP-0233 | B234: 46 | C234: Engineering | D234: Junior | E234: Technical | F234: 3.2 | G234: 3261.99 | H234: No | I234: 3 | J234: 3 | K234: 1 | L234: 1 | M234: 2 | N234: No
A235: EMP-0234 | B235: 41 | C235: Customer Support | D235: Junior | E235: Technical | F235: 4.7 | G235: 3304.6 | H235: No | I235: 1 | J235: 1 | K235: 1 | L235: 4 | M235: 2 | N235: No
A236: EMP-0235 | B236: 38 | C236: Sales | D236: Mid | E236: Marketing | F236: 3 | G236: 5090.74 | H236: Yes | I236: 3 | J236: 4 | K236: 7 | L236: 2 | M236: 4 | N236: No
A237: EMP-0236 | B237: 34 | C237: Sales | D237: Junior | E237: Other | F237: 5.3 | G237: 3535.88 | H237: Yes | I237: 2 | J237: 3 | K237: 6 | L237: 4 | M237: 5 | N237: Yes
A238: EMP-0237 | B238: 34 | C238: Sales | D238: Junior | E238: Other | F238: 7.6 | G238: 2725.34 | H238: Yes | I238: 2 | J238: 4 | K238: 3 | L238: 0 | M238: 1 | N238: Yes
A239: EMP-0238 | B239: 31 | C239: Marketing | D239: Junior | E239: Business | F239: 2.5 | G239: 3470.85 | H239: No | I239: 3 | J239: 1 | K239: 28 | L239: 0 | M239: 3 | N239: No
A240: EMP-0239 | B240: 21 | C240: HR | D240: Senior | E240: Marketing | F240: 0 | G240: 8204.25 | H240: No | I240: 2 | J240: 3 | K240: 21 | L240: 0 | M240: 3 | N240: Yes
A241: EMP-0240 | B241: 31 | C241: HR | D241: Junior | E241: Marketing | F241: 1.3 | H241: No | I241: 3 | J241: 3 | K241: 1 | L241: 0 | M241: 2 | N241: No
A242: EMP-0241 | B242: 30 | C242: HR | D242: Mid | E242: Technical | F242: 0.5 | G242: 4208.36 | H242: No | I242: 4 | J242: 2 | K242: 40 | L242: 0 | M242: 3 | N242: No
A243: EMP-0242 | B243: 45 | C243: Customer Support | D243: Junior | E243: Technical | F243: 2.4 | G243: 3722.79 | H243: Yes | I243: 3 | J243: 3 | K243: 40 | L243: 0 | M243: 2 | N243: No
A244: EMP-0243 | B244: 37 | C244: Sales | D244: Junior | E244: Marketing | F244: 1.1 | G244: 3678.34 | H244: Yes | I244: 4 | J244: 2 | K244: 4 | L244: 1 | M244: 2 | N244: No
A245: EMP-0244 | B245: 34 | C245: Sales | D245: Mid | E245: Technical | F245: 1.9 | G245: 4491.01 | H245: Yes | I245: 4 | J245: 1 | K245: 3 | L245: 1 | M245: 2 | N245: Yes
A246: EMP-0245 | B246: 47 | C246: Marketing | D246: Mid | E246: Business | F246: 0.9 | G246: 5595.46 | H246: No | I246: 3 | J246: 4 | K246: 2 | L246: 0 | M246: 1 | N246: No
A247: EMP-0246 | B247: 27 | C247: Marketing | D247: Junior | E247: Other | F247: 2.1 | G247: 3732.02 | H247: Yes | I247: 2 | J247: 3 | K247: 18 | L247: 0 | M247: 3 | N247: No
A248: EMP-0247 | B248: 49 | C248: Sales | D248: Junior | E248: Technical | F248: 3.4 | G248: 3724.92 | H248: Yes | I248: 3 | J248: 2 | K248: 3 | L248: 3 | M248: 3 | N248: No
A249: EMP-0248 | B249: 36 | C249: Engineering | D249: Senior | E249: Technical | F249: 1.4 | G249: 7010.54 | H249: No | I249: 3 | J249: 1 | K249: 15 | L249: 0 | M249: 2 | N249: No
A250: EMP-0249 | B250: 37 | C250: Engineering | D250: Senior | E250: Marketing | F250: 0.4 | G250: 7285.14 | H250: No | I250: 1 | J250: 3 | K250: 13 | L250: 0 | M250: 1 | N250: Yes
A251: EMP-0250 | B251: 39 | C251: HR | D251: Lead | E251: Technical | F251: 4.9 | G251: 8568.35 | H251: No | I251: 3 | J251: 3 | K251: 12 | L251: 0 | M251: 3 | N251: No
A252: EMP-0251 | B252: 36 | C252: Engineering | D252: Junior | E252: Other | F252: 0.3 | G252: 3687.41 | H252: No | I252: 2 | J252: 3 | K252: 32 | L252: 0 | M252: 4 | N252: Yes
A253: EMP-0252 | B253: 21 | C253: Sales | D253: Mid | E253: Other | F253: 0 | G253: 4810.31 | H253: No | I253: 1 | J253: 4 | K253: 1 | L253: 0 | M253: 3 | N253: Yes
... A284: EMP-0283 | B284: 32 | C284: Finance | D284: Junior | E284: Marketing | F284: 3.5 | G284: 2978.26 | H284: No | I284: 3 | J284: 4 | K284: 1 | L284: 2 | M284: 2 | N284: No
A285: EMP-0284 | B285: 37 | C285: Customer Support | D285: Mid | E285: Marketing | F285: 0.9 | H285: Yes | I285: 4 | J285: 4 | K285: 9 | L285: 0 | M285: 2 | N285: No
A286: EMP-0285 | B286: 31 | C286: Sales | D286: Junior | E286: Technical | F286: 6 | G286: 3057 | H286: Yes | I286: 2 | J286: 2 | K286: 19 | L286: 3 | M286: 2 | N286: Yes
A287: EMP-0286 | B287: 39 | C287: Sales | D287: Junior | E287: Technical | F287: 3.3 | G287: 2901.78 | H287: No | I287: 3 | J287: 4 | K287: 8 | L287: 0 | M287: 3 | N287: No
A288: EMP-0287 | B288: 30 | C288: Engineering | D288: Mid | E288: Technical | F288: 3.1 | G288: 4126.61 | H288: No | I288: 4 | J288: 2 | K288: 1 | L288: 2 | M288: 2 | N288: No
A289: EMP-0288 | B289: 23 | C289: Customer Support | D289: Junior | E289: Business | F289: 0.3 | G289: 3553.44 | H289: Yes | I289: 4 | J289: 3 | K289: 1 | L289: 0 | M289: 1 | N289: Yes
A290: EMP-0289 | B290: 22 | C290: Customer Support | D290: Lead | E290: Business | F290: 1 | G290: 10564.15 | H290: No | I290: 1 | J290: 2 | K290: 32 | L290: 1 | M290: 3 | N290: Yes
A291: EMP-0290 | B291: 50 | C291: Sales | D291: Senior | E291: Technical | F291: 4.2 | G291: 7166.47 | H291: No | I291: 4 | J291: 4 | K291: 1 | L291: 4 | M291: 1 | N291: No
A292: EMP-0291 | B292: 27 | C292: Finance | D292: Senior | E292: Business | F292: 1.6 | G292: 7393.65 | H292: Yes | I292: 4 | J292: 4 | K292: 2 | L292: 1 | M292: 0 | N292: Yes
A293: EMP-0292 | B293: 24 | C293: Marketing | D293: Junior | E293: Business | F293: 3 | G293: 2991.65 | H293: No | I293: 1 | J293: 2 | K293: 1 | L293: 2 | M293: 0 | N293: No
A294: EMP-0293 | B294: 35 | C294: Sales | D294: Lead | E294: Technical | F294: 1.2 | G294: 8435.35 | H294: No | I294: 1 | J294: 3 | K294: 3 | L294: 1 | M294: 5 | N294: No
A295: EMP-0294 | B295: 41 | C295: Marketing | D295: Mid | E295: Technical | F295: 4 | G295: 5337.91 | H295: No | I295: 3 | J295: 4 | K295: 11 | L295: 0 | M295: 1 | N295: Yes
A296: EMP-0295 | B296: 21 | C296: Engineering | D296: Junior | E296: Business | F296: 0 | G296: 3769.24 | H296: No | I296: 3 | J296: 4 | K296: 4 | L296: 0 | M296: 2 | N296: No
A297: EMP-0296 | B297: 24 | C297: Sales | D297: Mid | E297: Marketing | F297: 3 | G297: 4504.79 | H297: No | I297: 4 | J297: 2 | K297: 5 | L297: 0 | M297: 2 | N297: No
... A315: EMP-0314 | B315: 34 | C315: Sales | D315: Junior | E315: Technical | F315: 12 | G315: 3598.02 | H315: Yes | I315: 3 | J315: 4 | K315: 6 | L315: 7 | M315: 1 | N315: No
A316: EMP-0315 | B316: 38 | C316: Customer Support | D316: Senior | E316: Business | F316: 0.1 | H316: Yes | I316: 4 | J316: 3 | K316: 3 | L316: 0 | M316: 1 | N316: No
A317: EMP-0316 | B317: 22 | C317: Customer Support | D317: Lead | E317: Technical | F317: 1 | G317: 10426.88 | H317: Yes | I317: 3 | J317: 2 | K317: 1 | L317: 1 | M317: 0 | N317: Yes
A318: EMP-0317 | B318: 34 | C318: Sales | D318: Junior | E318: Technical | F318: 1.6 | G318: 3777.76 | H318: No | I318: 4 | J318: 2 | K318: 17 | L318: 1 | M318: 2 | N318: No
A319: EMP-0318 | B319: 35 | C319: Marketing | D319: Junior | E319: Other | F319: 2.2 | G319: 3285.25 | H319: No | I319: 4 | J319: 2 | K319: 1 | L319: 0 | M319: 1 | N319: No
A320: EMP-0319 | B320: 32 | C320: Finance | D320: Senior | E320: Technical | F320: 6.9 | G320: 7333.48 | H320: No | I320: 2 | J320: 3 | K320: 2 | L320: 2 | M320: 2 | N320: Yes
A321: EMP-0320 | B321: 38 | C321: Engineering | D321: Senior | E321: Business | F321: 6.6 | G321: 8064.39 | H321: No | I321: 4 | J321: 4 | K321: 1 | L321: 0 | M321: 2 | N321: No
A322: EMP-0321 | B322: 31 | C322: Marketing | D322: Mid | E322: Business | F322: 7 | G322: 5521.76 | H322: No | I322: 4 | J322: 1 | K322: 1 | L322: 1 | M322: 2 | N322: No
A323: EMP-0322 | B323: 21 | C323: Customer Support | D323: Mid | E323: Business | F323: 0 | H323: Yes | I323: 4 | J323: 4 | K323: 7 | L323: 0 | M323: 6 | N323: No
A324: EMP-0323 | B324: 40 | C324: Marketing | D324: Mid | E324: Technical | F324: 0.6 | G324: 4655.16 | H324: No | I324: 3 | J324: 3 | K324: 8 | L324: 0 | M324: 2 | N324: No
A325: EMP-0324 | B325: 24 | C325: Customer Support | D325: Senior | E325: Other | F325: 1.4 | G325: 6785 | H325: Yes | I325: 3 | J325: 4 | K325: 1 | L325: 1 | M325: 0 | N325: No
A326: EMP-0325 | B326: 26 | C326: Customer Support | D326: Junior | E326: Other | F326: 3.3 | G326: 3239.61 | H326: Yes | I326: 2 | J326: 4 | K326: 2 | L326: 2 | M326: 0 | N326: No
A327: EMP-0326 | B327: 22 | C327: Sales | D327: Junior | E327: Other | F327: 1 | G327: 2925.23 | H327: No | I327: 1 | J327: 3 | K327: 16 | L327: 1 | M327: 1 | N327: No
A328: EMP-0327 | B328: 32 | C328: Marketing | D328: Junior | E328: Marketing | F328: 0.5 | G328: 3709.13 | H328: No | I328: 3 | J328: 4 | K328: 6 | L328: 0 | M328: 0 | N328: No
A329: EMP-0328 | B329: 28 | C329: Sales | D329: Junior | E329: Technical | F329: 3.4 | G329: 3411.44 | H329: Yes | I329: 2 | J329: 1 | K329: 1 | L329: 2 | M329: 3 | N329: Yes
A330: EMP-0329 | B330: 42 | C330: Sales | D330: Mid | E330: Business | F330: 4 | G330: 5198.17 | H330: No | I330: 4 | J330: 2 | K330: 10 | L330: 1 | M330: 5 | N330: Yes
A331: EMP-0330 | B331: 26 | C331: Customer Support | D331: Junior | E331: Other | F331: 1.6 | G331: 3526.62 | H331: No | I331: 4 | J331: 2 | K331: 9 | L331: 1 | M331: 1 | N331: No
A332: EMP-0331 | B332: 43 | C332: Customer Support | D332: Mid | E332: Marketing | F332: 4.5 | G332: 5533.12 | H332: Yes | I332: 2 | J332: 2 | K332: 1 | L332: 1 | M332: 4 | N332: Yes
A333: EMP-0332 | B333: 29 | C333: Customer Support | D333: Junior | E333: Technical | F333: 0.2 | G333: 3340.5 | H333: Yes | I333: 2 | J333: 3 | K333: 7 | L333: 0 | M333: 0 | N333: No
...

Sheet 2. Cleaned Data
A1: Cleaning applied: (1) overtime standardised to Yes/No, (2) missing income filled with department+level average
A2: employee_id | B2: age | C2: department | D2: job_level | E2: education_field | F2: tenure_years | G2: monthly_income | H2: overtime | I2: job_satisfaction | J2: worklife_balance | K2: distance_from_home_km | L2: years_since_last_promotion | M2: trainings_last_year | N2: attrition
A3: ='1. Raw Data'!A2 -> EMP-0001 | B3: ='1. Raw Data'!B2 -> 47 | C3: ='1. Raw Data'!C2 -> Engineering | D3: ='1. Raw Data'!D2 -> Junior | E3: ='1. Raw Data'!E2 -> Business | F3: ='1. Raw Data'!F2 -> 11.4 | G3: =IF('1. Raw Data'!G2="",ROUND(IFERROR(AVERAGEIFS('1. Raw Data'!G2:G1201,'1. Raw Data'!C2:C1201,'1. Raw Data'!C2,'1. Raw Data'!D2:D1201,'1. Raw Data'!D2),0),2),'1. Raw Data'!G2) -> 3323.12 | H3: =PROPER('1. Raw Data'!H2) -> No | I3: ='1. Raw Data'!I2 -> 1 | J3: ='1. Raw Data'!J2 -> 2 | K3: ='1. Raw Data'!K2 -> 5 | L3: ='1. Raw Data'!L2 -> 2 | M3: ='1. Raw Data'!M2 -> 2 | N3: ='1. Raw Data'!N2 -> Yes
A4: ='1. Raw Data'!A3 -> EMP-0002 | B4: ='1. Raw Data'!B3 -> 30 | C4: ='1. Raw Data'!C3 -> Sales | D4: ='1. Raw Data'!D3 -> Mid | E4: ='1. Raw Data'!E3 -> Marketing | F4: ='1. Raw Data'!F3 -> 7.2 | G4: =IF('1. Raw Data'!G3="",ROUND(IFERROR(AVERAGEIFS('1. Raw Data'!G2:G1201,'1. Raw Data'!C2:C1201,'1. Raw Data'!C3,'1. Raw Data'!D2:D1201,'1. Raw Data'!D3),0),2),'1. Raw Data'!G3) -> 4438.49 | H4: =PROPER('1. Raw Data'!H3) -> No | I4: ='1. Raw Data'!I3 -> 4 | J4: ='1. Raw Data'!J3 -> 1 | K4: ='1. Raw Data'!K3 -> 7 | L4: ='1. Raw Data'!L3 -> 5 | M4: ='1. Raw Data'!M3 -> 1 | N4: ='1. Raw Data'!N3 -> No
A5: ='1. Raw Data'!A4 -> EMP-0003 | B5: ='1. Raw Data'!B4 -> 34 | C5: ='1. Raw Data'!C4 -> Customer Support | D5: ='1. Raw Data'!D4 -> Senior | E5: ='1. Raw Data'!E4 -> Technical | F5: ='1. Raw Data'!F4 -> 4.2 | G5: =IF('1. Raw Data'!G4="",ROUND(IFERROR(AVERAGEIFS('1. Raw Data'!G2:G1201,'1. Raw Data'!C2:C1201,'1. Raw Data'!C4,'1. Raw Data'!D2:D1201,'1. Raw Data'!D4),0),2),'1. Raw Data'!G4) -> 7805.91 | H5: =PROPER('1. Raw Data'!H4) -> Yes | I5: ='1. Raw Data'!I4 -> 2 | J5: ='1. Raw Data'!J4 -> 3 | K5: ='1. Raw Data'!K4 -> 3 | L5: ='1. Raw Data'!L4 -> 1 | M5: ='1. Raw Data'!M4 -> 3 | N5: ='1. Raw Data'!N4 -> No
A6: ='1. Raw Data'!A5 -> EMP-0004 | B6: ='1. Raw Data'!B5 -> 25 | C6: ='1. Raw Data'!C5 -> Sales | D6: ='1. Raw Data'!D5 -> Mid | E6: ='1. Raw Data'!E5 -> Business | F6: ='1. Raw Data'!F5 -> 1 | G6: =IF('1. Raw Data'!G5="",ROUND(IFERROR(AVERAGEIFS('1. Raw Data'!G2:G1201,'1. Raw Data'!C2:C1201,'1. Raw Data'!C5,'1. Raw Data'!D2:D1201,'1. Raw Data'!D5),0),2),'1. Raw Data'!G5) -> 4840.78 | H6: =PROPER('1. Raw Data'!H5) -> Yes | I6: ='1. Raw Data'!I5 -> 3 | J6: ='1. Raw Data'!J5 -> 3 | K6: ='1. Raw Data'!K5 -> 4 | L6: ='1. Raw Data'!L5 -> 1 | M6: ='1. Raw Data'!M5 -> 2 | N6: ='1. Raw Data'!N5 -> No
A7: ='1. Raw Data'!A6 -> EMP-0005 | B7: ='1. Raw Data'!B6 -> 21 | C7: ='1. Raw Data'!C6 -> Sales | D7: ='1. Raw Data'!D6 -> Mid | E7: ='1. Raw Data'!E6 -> Business | F7: ='1. Raw Data'!F6 -> 0 | G7: =IF('1. Raw Data'!G6="",ROUND(IFERROR(AVERAGEIFS('1. Raw Data'!G2:G1201,'1. Raw Data'!C2:C1201,'1. Raw Data'!C6,'1. Raw Data'!D2:D1201,'1. Raw Data'!D6),0),2),'1. Raw Data'!G6) -> 4958.48 | H7: =PROPER('1. Raw Data'!H6) -> No | I7: ='1. Raw Data'!I6 -> 1 | J7: ='1. Raw Data'!J6 -> 1 | K7: ='1. Raw Data'!K6 -> 9 | L7: ='1. Raw Data'!L6 -> 0 | M7: ='1. Raw Data'!M6 -> 3 | N7: ='1. Raw Data'!N6 -> Yes
A8: ='1. Raw Data'!A7 -> EMP-0006 | B8: ='1. Raw Data'!B7 -> 21 | C8: ='1. Raw Data'!C7 -> Finance | D8: ='1. Raw Data'!D7 -> Junior | E8: ='1. Raw Data'!E7 -> Technical | F8: ='1. Raw Data'!F7 -> 0 | G8: =IF('1. Raw Data'!G7="",ROUND(IFERROR(AVERAGEIFS('1. Raw Data'!G2:G1201,'1. Raw Data'!C2:C1201,'1. Raw Data'!C7,'1. Raw Data'!D2:D1201,'1. Raw Data'!D7),0),2),'1. Raw Data'!G7) -> 2983.33 | H8: =PROPER('1. Raw Data'!H7) -> No | I8: ='1. Raw Data'!I7 -> 4 | J8: ='1. Raw Data'!J7 -> 4 | K8: ='1. Raw Data'!K7 -> 5 | L8: ='1. Raw Data'!L7 -> 0 | M8: ='1. Raw Data'!M7 -> 0 | N8: ='1. Raw Data'!N7 -> No
A9: ='1. Raw Data'!A8 -> EMP-0007 | B9: ='1. Raw Data'!B8 -> 47 | C9: ='1. Raw Data'!C8 -> Customer Support | D9: ='1. Raw Data'!D8 -> Mid | E9: ='1. Raw Data'!E8 -> Business | F9: ='1. Raw Data'!F8 -> 2 | G9: =IF('1. Raw Data'!G8="",ROUND(IFERROR(AVERAGEIFS('1. Raw Data'!G2:G1201,'1. Raw Data'!C2:C1201,'1. Raw Data'!C8,'1. Raw Data'!D2:D1201,'1. Raw Data'!D8),0),2),'1. Raw Data'!G8) -> 4309.95 | H9: =PROPER('1. Raw Data'!H8) -> Yes | I9: ='1. Raw Data'!I8 -> 3 | J9: ='1. Raw Data'!J8 -> 2 | K9: ='1. Raw Data'!K8 -> 1 | L9: ='1. Raw Data'!L8 -> 1 | M9: ='1. Raw Data'!M8 -> 4 | N9: ='1. Raw Data'!N8 -> No
A10: ='1. Raw Data'!A9 -> EMP-0008 | B10: ='1. Raw Data'!B9 -> 31 | C10: ='1. Raw Data'!C9 -> Customer Support | D10: ='1. Raw Data'!D9 -> Mid | E10: ='1. Raw Data'!E9 -> Technical | F10: ='1. Raw Data'!F9 -> 6.5 | G10: =IF('1. Raw Data'!G9="",ROUND(IFERROR(AVERAGEIFS('1. Raw Data'!G2:G1201,'1. Raw Data'!C2:C1201,'1. Raw Data'!C9,'1. Raw Data'!D2:D1201,'1. Raw Data'!D9),0),2),'1. Raw Data'!G9) -> 5213.86 | H10: =PROPER('1. Raw Data'!H9) -> No | I10: ='1. Raw Data'!I9 -> 4 | J10: ='1. Raw Data'!J9 -> 1 | K10: ='1. Raw Data'!K9 -> 16 | L10: ='1. Raw Data'!L9 -> 0 | M10: ='1. Raw Data'!M9 -> 3 | N10: ='1. Raw Data'!N9 -> No
A11: ='1. Raw Data'!A10 -> EMP-0009 | B11: ='1. Raw Data'!B10 -> 32 | C11: ='1. Raw Data'!C10 -> Sales | D11: ='1. Raw Data'!D10 -> Senior | E11: ='1. Raw Data'!E10 -> Marketing | F11: ='1. Raw Data'!F10 -> 5 | G11: =IF('1. Raw Data'!G10="",ROUND(IFERROR(AVERAGEIFS('1. Raw Data'!G2:G1201,'1. Raw Data'!C2:C1201,'1. Raw Data'!C10,'1. Raw Data'!D2:D1201,'1. Raw Data'!D10),0),2),'1. Raw Data'!G10) -> 7197.82 | H11: =PROPER('1. Raw Data'!H10) -> No | I11: ='1. Raw Data'!I10 -> 4 | J11: ='1. Raw Data'!J10 -> 4 | K11: ='1. Raw Data'!K10 -> 11 | L11: ='1. Raw Data'!L10 -> 0 | M11: ='1. Raw Data'!M10 -> 2 | N11: ='1. Raw Data'!N10 -> No
A12: ='1. Raw Data'!A11 -> EMP-0010 | B12: ='1. Raw Data'!B11 -> 29 | C12: ='1. Raw Data'!C11 -> Engineering | D12: ='1. Raw Data'!D11 -> Mid | E12: ='1. Raw Data'!E11 -> Marketing | F12: ='1. Raw Data'!F11 -> 2.8 | G12: =IF('1. Raw Data'!G11="",ROUND(IFERROR(AVERAGEIFS('1. Raw Data'!G2:G1201,'1. Raw Data'!C2:C1201,'1. Raw Data'!C11,'1. Raw Data'!D2:D1201,'1. Raw Data'!D11),0),2),'1. Raw Data'!G11) -> 5471.8 | H12: =PROPER('1. Raw Data'!H11) -> No | I12: ='1. Raw Data'!I11 -> 2 | J12: ='1. Raw Data'!J11 -> 2 | K12: ='1. Raw Data'!K11 -> 8 | L12: ='1. Raw Data'!L11 -> 0 | M12: ='1. Raw Data'!M11 -> 1 | N12: ='1. Raw Data'!N11 -> Yes
A13: ='1. Raw Data'!A12 -> EMP-0011 | B13: ='1. Raw Data'!B12 -> 37 | C13: ='1. Raw Data'!C12 -> Customer Support | D13: ='1. Raw Data'!D12 -> Mid | E13: ='1. Raw Data'!E12 -> Business | F13: ='1. Raw Data'!F12 -> 0.1 | G13: =IF('1. Raw Data'!G12="",ROUND(IFERROR(AVERAGEIFS('1. Raw Data'!G2:G1201,'1. Raw Data'!C2:C1201,'1. Raw Data'!C12,'1. Raw Data'!D2:D1201,'1. Raw Data'!D12),0),2),'1. Raw Data'!G12) -> 4974.84 | H13: =PROPER('1. Raw Data'!H12) -> No | I13: ='1. Raw Data'!I12 -> 4 | J13: ='1. Raw Data'!J12 -> 2 | K13: ='1. Raw Data'!K12 -> 1 | L13: ='1. Raw Data'!L12 -> 0 | M13: ='1. Raw Data'!M12 -> 2 | N13: ='1. Raw Data'!N12 -> No
A14: ='1. Raw Data'!A13 -> EMP-0012 | B14: ='1. Raw Data'!B13 -> 37 | C14: ='1. Raw Data'!C13 -> Customer Support | D14: ='1. Raw Data'!D13 -> Mid | E14: ='1. Raw Data'!E13 -> Marketing | F14: ='1. Raw Data'!F13 -> 5.6 | G14: =IF('1. Raw Data'!G13="",ROUND(IFERROR(AVERAGEIFS('1. Raw Data'!G2:G1201,'1. Raw Data'!C2:C1201,'1. Raw Data'!C13,'1. Raw Data'!D2:D1201,'1. Raw Data'!D13),0),2),'1. Raw Data'!G13) -> 4362.7 | H14: =PROPER('1. Raw Data'!H13) -> No | I14: ='1. Raw Data'!I13 -> 4 | J14: ='1. Raw Data'!J13 -> 3 | K14: ='1. Raw Data'!K13 -> 1 | L14: ='1. Raw Data'!L13 -> 0 | M14: ='1. Raw Data'!M13 -> 2 | N14: ='1. Raw Data'!N13 -> Yes
A15: ='1. Raw Data'!A14 -> EMP-0013 | B15: ='1. Raw Data'!B14 -> 29 | C15: ='1. Raw Data'!C14 -> Sales | D15: ='1. Raw Data'!D14 -> Senior | E15: ='1. Raw Data'!E14 -> Business | F15: ='1. Raw Data'!F14 -> 0.5 | G15: =IF('1. Raw Data'!G14="",ROUND(IFERROR(AVERAGEIFS('1. Raw Data'!G2:G1201,'1. Raw Data'!C2:C1201,'1. Raw Data'!C14,'1. Raw Data'!D2:D1201,'1. Raw Data'!D14),0),2),'1. Raw Data'!G14) -> 6178.44 | H15: =PROPER('1. Raw Data'!H14) -> No | I15: ='1. Raw Data'!I14 -> 3 | J15: ='1. Raw Data'!J14 -> 3 | K15: ='1. Raw Data'!K14 -> 1 | L15: ='1. Raw Data'!L14 -> 0 | M15: ='1. Raw Data'!M14 -> 3 | N15: ='1. Raw Data'!N14 -> Yes
A16: ='1. Raw Data'!A15 -> EMP-0014 | B16: ='1. Raw Data'!B15 -> 32 | C16: ='1. Raw Data'!C15 -> Customer Support | D16: ='1. Raw Data'!D15 -> Mid | E16: ='1. Raw Data'!E15 -> Other | F16: ='1. Raw Data'!F15 -> 5.3 | G16: =IF('1. Raw Data'!G15="",ROUND(IFERROR(AVERAGEIFS('1. Raw Data'!G2:G1201,'1. Raw Data'!C2:C1201,'1. Raw Data'!C15,'1. Raw Data'!D2:D1201,'1. Raw Data'!D15),0),2),'1. Raw Data'!G15) -> 5636.71 | H16: =PROPER('1. Raw Data'!H15) -> Yes | I16: ='1. Raw Data'!I15 -> 4 | J16: ='1. Raw Data'!J15 -> 4 | K16: ='1. Raw Data'!K15 -> 7 | L16: ='1. Raw Data'!L15 -> 4 | M16: ='1. Raw Data'!M15 -> 0 | N16: ='1. Raw Data'!N15 -> Yes
A17: ='1. Raw Data'!A16 -> EMP-0015 | B17: ='1. Raw Data'!B16 -> 29 | C17: ='1. Raw Data'!C16 -> Finance | D17: ='1. Raw Data'!D16 -> Mid | E17: ='1. Raw Data'!E16 -> Other | F17: ='1. Raw Data'!F16 -> 7.2 | G17: =IF('1. Raw Data'!G16="",ROUND(IFERROR(AVERAGEIFS('1. Raw Data'!G2:G1201,'1. Raw Data'!C2:C1201,'1. Raw Data'!C16,'1. Raw Data'!D2:D1201,'1. Raw Data'!D16),0),2),'1. Raw Data'!G16) -> 4131.14 | H17: =PROPER('1. Raw Data'!H16) -> No | I17: ='1. Raw Data'!I16 -> 1 | J17: ='1. Raw Data'!J16 -> 3 | K17: ='1. Raw Data'!K16 -> 4 | L17: ='1. Raw Data'!L16 -> 0 | M17: ='1. Raw Data'!M16 -> 2 | N17: ='1. Raw Data'!N16 -> No
A18: ='1. Raw Data'!A17 -> EMP-0016 | B18: ='1. Raw Data'!B17 -> 31 | C18: ='1. Raw Data'!C17 -> Engineering | D18: ='1. Raw Data'!D17 -> Junior | E18: ='1. Raw Data'!E17 -> Technical | F18: ='1. Raw Data'!F17 -> 0.5 | G18: =IF('1. Raw Data'!G17="",ROUND(IFERROR(AVERAGEIFS('1. Raw Data'!G2:G1201,'1. Raw Data'!C2:C1201,'1. Raw Data'!C17,'1. Raw Data'!D2:D1201,'1. Raw Data'!D17),0),2),'1. Raw Data'!G17) -> 2935.61 | H18: =PROPER('1. Raw Data'!H17) -> No | I18: ='1. Raw Data'!I17 -> 3 | J18: ='1. Raw Data'!J17 -> 2 | K18: ='1. Raw Data'!K17 -> 20 | L18: ='1. Raw Data'!L17 -> 0 | M18: ='1. Raw Data'!M17 -> 0 | N18: ='1. Raw Data'!N17 -> No
A19: ='1. Raw Data'!A18 -> EMP-0017 | B19: ='1. Raw Data'!B18 -> 31 | C19: ='1. Raw Data'!C18 -> HR | D19: ='1. Raw Data'!D18 -> Junior | E19: ='1. Raw Data'!E18 -> Marketing | F19: ='1. Raw Data'!F18 -> 1 | G19: =IF('1. Raw Data'!G18="",ROUND(IFERROR(AVERAGEIFS('1. Raw Data'!G2:G1201,'1. Raw Data'!C2:C1201,'1. Raw Data'!C18,'1. Raw Data'!D2:D1201,'1. Raw Data'!D18),0),2),'1. Raw Data'!G18) -> 3282.02 | H19: =PROPER('1. Raw Data'!H18) -> No | I19: ='1. Raw Data'!I18 -> 3 | J19: ='1. Raw Data'!J18 -> 3 | K19: ='1. Raw Data'!K18 -> 7 | L19: ='1. Raw Data'!L18 -> 1 | M19: ='1. Raw Data'!M18 -> 0 | N19: ='1. Raw Data'!N18 -> No
A20: ='1. Raw Data'!A19 -> EMP-0018 | B20: ='1. Raw Data'!B19 -> 21 | C20: ='1. Raw Data'!C19 -> Customer Support | D20: ='1. Raw Data'!D19 -> Senior | E20: ='1. Raw Data'!E19 -> Other | F20: ='1. Raw Data'!F19 -> 0 | G20: =IF('1. Raw Data'!G19="",ROUND(IFERROR(AVERAGEIFS('1. Raw Data'!G2:G1201,'1. Raw Data'!C2:C1201,'1. Raw Data'!C19,'1. Raw Data'!D2:D1201,'1. Raw Data'!D19),0),2),'1. Raw Data'!G19) -> 7640.97 | H20: =PROPER('1. Raw Data'!H19) -> Yes | I20: ='1. Raw Data'!I19 -> 3 | J20: ='1. Raw Data'!J19 -> 3 | K20: ='1. Raw Data'!K19 -> 8 | L20: ='1. Raw Data'!L19 -> 0 | M20: ='1. Raw Data'!M19 -> 4 | N20: ='1. Raw Data'!N19 -> No
A21: ='1. Raw Data'!A20 -> EMP-0019 | B21: ='1. Raw Data'!B20 -> 37 | C21: ='1. Raw Data'!C20 -> Engineering | D21: ='1. Raw Data'!D20 -> Lead | E21: ='1. Raw Data'!E20 -> Business | F21: ='1. Raw Data'!F20 -> 4.3 | G21: =IF('1. Raw Data'!G20="",ROUND(IFERROR(AVERAGEIFS('1. Raw Data'!G2:G1201,'1. Raw Data'!C2:C1201,'1. Raw Data'!C20,'1. Raw Data'!D2:D1201,'1. Raw Data'!D20),0),2),'1. Raw Data'!G20) -> 8700.2 | H21: =PROPER('1. Raw Data'!H20) -> No | I21: ='1. Raw Data'!I20 -> 2 | J21: ='1. Raw Data'!J20 -> 3 | K21: ='1. Raw Data'!K20 -> 1 | L21: ='1. Raw Data'!L20 -> 4 | M21: ='1. Raw Data'!M20 -> 2 | N21: ='1. Raw Data'!N20 -> No
A22: ='1. Raw Data'!A21 -> EMP-0020 | B22: ='1. Raw Data'!B21 -> 42 | C22: ='1. Raw Data'!C21 -> Customer Support | D22: ='1. Raw Data'!D21 -> Junior | E22: ='1. Raw Data'!E21 -> Marketing | F22: ='1. Raw Data'!F21 -> 5.1 | G22: =IF('1. Raw Data'!G21="",ROUND(IFERROR(AVERAGEIFS('1. Raw Data'!G2:G1201,'1. Raw Data'!C2:C1201,'1. Raw Data'!C21,'1. Raw Data'!D2:D1201,'1. Raw Data'!D21),0),2),'1. Raw Data'!G21) -> 3425.1 | H22: =PROPER('1. Raw Data'!H21) -> Yes | I22: ='1. Raw Data'!I21 -> 4 | J22: ='1. Raw Data'!J21 -> 2 | K22: ='1. Raw Data'!K21 -> 14 | L22: ='1. Raw Data'!L21 -> 1 | M22: ='1. Raw Data'!M21 -> 2 | N22: ='1. Raw Data'!N21 -> Yes
A23: ='1. Raw Data'!A22 -> EMP-0021 | B23: ='1. Raw Data'!B22 -> 31 | C23: ='1. Raw Data'!C22 -> Sales | D23: ='1. Raw Data'!D22 -> Mid | E23: ='1. Raw Data'!E22 -> Business | F23: ='1. Raw Data'!F22 -> 6.7 | G23: =IF('1. Raw Data'!G22="",ROUND(IFERROR(AVERAGEIFS('1. Raw Data'!G2:G1201,'1. Raw Data'!C2:C1201,'1. Raw Data'!C22,'1. Raw Data'!D2:D1201,'1. Raw Data'!D22),0),2),'1. Raw Data'!G22) -> 5483.59 | H23: =PROPER('1. Raw Data'!H22) -> Yes | I23: ='1. Raw Data'!I22 -> 3 | J23: ='1. Raw Data'!J22 -> 2 | K23: ='1. Raw Data'!K22 -> 11 | L23: ='1. Raw Data'!L22 -> 1 | M23: ='1. Raw Data'!M22 -> 2 | N23: ='1. Raw Data'!N22 -> No
A24: ='1. Raw Data'!A23 -> EMP-0022 | B24: ='1. Raw Data'!B23 -> 43 | C24: ='1. Raw Data'!C23 -> Marketing | D24: ='1. Raw Data'!D23 -> Junior | E24: ='1. Raw Data'!E23 -> Marketing | F24: ='1. Raw Data'!F23 -> 1.2 | G24: =IF('1. Raw Data'!G23="",ROUND(IFERROR(AVERAGEIFS('1. Raw Data'!G2:G1201,'1. Raw Data'!C2:C1201,'1. Raw Data'!C23,'1. Raw Data'!D2:D1201,'1. Raw Data'!D23),0),2),'1. Raw Data'!G23) -> 2759.51 | H24: =PROPER('1. Raw Data'!H23) -> No | I24: ='1. Raw Data'!I23 -> 3 | J24: ='1. Raw Data'!J23 -> 4 | K24: ='1. Raw Data'!K23 -> 7 | L24: ='1. Raw Data'!L23 -> 0 | M24: ='1. Raw Data'!M23 -> 1 | N24: ='1. Raw Data'!N23 -> Yes
A25: ='1. Raw Data'!A24 -> EMP-0023 | B25: ='1. Raw Data'!B24 -> 27 | C25: ='1. Raw Data'!C24 -> Engineering | D25: ='1. Raw Data'!D24 -> Mid | E25: ='1. Raw Data'!E24 -> Other | F25: ='1. Raw Data'!F24 -> 1.3 | G25: =IF('1. Raw Data'!G24="",ROUND(IFERROR(AVERAGEIFS('1. Raw Data'!G2:G1201,'1. Raw Data'!C2:C1201,'1. Raw Data'!C24,'1. Raw Data'!D2:D1201,'1. Raw Data'!D24),0),2),'1. Raw Data'!G24) -> 5552.57 | H25: =PROPER('1. Raw Data'!H24) -> No | I25: ='1. Raw Data'!I24 -> 4 | J25: ='1. Raw Data'!J24 -> 3 | K25: ='1. Raw Data'!K24 -> 3 | L25: ='1. Raw Data'!L24 -> 0 | M25: ='1. Raw Data'!M24 -> 2 | N25: ='1. Raw Data'!N24 -> No
A26: ='1. Raw Data'!A25 -> EMP-0024 | B26: ='1. Raw Data'!B25 -> 45 | C26: ='1. Raw Data'!C25 -> Customer Support | D26: ='1. Raw Data'!D25 -> Mid | E26: ='1. Raw Data'!E25 -> Business | F26: ='1. Raw Data'!F25 -> 1.1 | G26: =IF('1. Raw Data'!G25="",ROUND(IFERROR(AVERAGEIFS('1. Raw Data'!G2:G1201,'1. Raw Data'!C2:C1201,'1. Raw Data'!C25,'1. Raw Data'!D2:D1201,'1. Raw Data'!D25),0),2),'1. Raw Data'!G25) -> 5591.29 | H26: =PROPER('1. Raw Data'!H25) -> Yes | I26: ='1. Raw Data'!I25 -> 4 | J26: ='1. Raw Data'!J25 -> 2 | K26: ='1. Raw Data'!K25 -> 26 | L26: ='1. Raw Data'!L25 -> 1 | M26: ='1. Raw Data'!M25 -> 0 | N26: ='1. Raw Data'!N25 -> No
A27: ='1. Raw Data'!A26 -> EMP-0025 | B27: ='1. Raw Data'!B26 -> 44 | C27: ='1. Raw Data'!C26 -> Marketing | D27: ='1. Raw Data'!D26 -> Mid | E27: ='1. Raw Data'!E26 -> Business | F27: ='1. Raw Data'!F26 -> 2.2 | G27: =IF('1. Raw Data'!G26="",ROUND(IFERROR(AVERAGEIFS('1. Raw Data'!G2:G1201,'1. Raw Data'!C2:C1201,'1. Raw Data'!C26,'1. Raw Data'!D2:D1201,'1. Raw Data'!D26),0),2),'1. Raw Data'!G26) -> 4235.54 | H27: =PROPER('1. Raw Data'!H26) -> Yes | I27: ='1. Raw Data'!I26 -> 2 | J27: ='1. Raw Data'!J26 -> 2 | K27: ='1. Raw Data'!K26 -> 1 | L27: ='1. Raw Data'!L26 -> 0 | M27: ='1. Raw Data'!M26 -> 1 | N27: ='1. Raw Data'!N26 -> No
A28: ='1. Raw Data'!A27 -> EMP-0026 | B28: ='1. Raw Data'!B27 -> 27 | C28: ='1. Raw Data'!C27 -> Sales | D28: ='1. Raw Data'!D27 -> Senior | E28: ='1. Raw Data'!E27 -> Other | F28: ='1. Raw Data'!F27 -> 0.4 | G28: =IF('1. Raw Data'!G27="",ROUND(IFERROR(AVERAGEIFS('1. Raw Data'!G2:G1201,'1. Raw Data'!C2:C1201,'1. Raw Data'!C27,'1. Raw Data'!D2:D1201,'1. Raw Data'!D27),0),2),'1. Raw Data'!G27) -> 6661.27 | H28: =PROPER('1. Raw Data'!H27) -> No | I28: ='1. Raw Data'!I27 -> 4 | J28: ='1. Raw Data'!J27 -> 3 | K28: ='1. Raw Data'!K27 -> 1 | L28: ='1. Raw Data'!L27 -> 0 | M28: ='1. Raw Data'!M27 -> 0 | N28: ='1. Raw Data'!N27 -> No
A29: ='1. Raw Data'!A28 -> EMP-0027 | B29: ='1. Raw Data'!B28 -> 41 | C29: ='1. Raw Data'!C28 -> Engineering | D29: ='1. Raw Data'!D28 -> Mid | E29: ='1. Raw Data'!E28 -> Marketing | F29: ='1. Raw Data'!F28 -> 5.2 | G29: =IF('1. Raw Data'!G28="",ROUND(IFERROR(AVERAGEIFS('1. Raw Data'!G2:G1201,'1. Raw Data'!C2:C1201,'1. Raw Data'!C28,'1. Raw Data'!D2:D1201,'1. Raw Data'!D28),0),2),'1. Raw Data'!G28) -> 5103.77 | H29: =PROPER('1. Raw Data'!H28) -> No | I29: ='1. Raw Data'!I28 -> 4 | J29: ='1. Raw Data'!J28 -> 4 | K29: ='1. Raw Data'!K28 -> 16 | L29: ='1. Raw Data'!L28 -> 2 | M29: ='1. Raw Data'!M28 -> 0 | N29: ='1. Raw Data'!N28 -> No
A30: ='1. Raw Data'!A29 -> EMP-0028 | B30: ='1. Raw Data'!B29 -> 34 | C30: ='1. Raw Data'!C29 -> Sales | D30: ='1. Raw Data'!D29 -> Mid | E30: ='1. Raw Data'!E29 -> Technical | F30: ='1. Raw Data'!F29 -> 2 | G30: =IF('1. Raw Data'!G29="",ROUND(IFERROR(AVERAGEIFS('1. Raw Data'!G2:G1201,'1. Raw Data'!C2:C1201,'1. Raw Data'!C29,'1. Raw Data'!D2:D1201,'1. Raw Data'!D29),0),2),'1. Raw Data'!G29) -> 4928.49 | H30: =PROPER('1. Raw Data'!H29) -> No | I30: ='1. Raw Data'!I29 -> 2 | J30: ='1. Raw Data'!J29 -> 3 | K30: ='1. Raw Data'!K29 -> 3 | L30: ='1. Raw Data'!L29 -> 2 | M30: ='1. Raw Data'!M29 -> 1 | N30: ='1. Raw Data'!N29 -> Yes
A31: ='1. Raw Data'!A30 -> EMP-0029 | B31: ='1. Raw Data'!B30 -> 39 | C31: ='1. Raw Data'!C30 -> Customer Support | D31: ='1. Raw Data'!D30 -> Mid | E31: ='1. Raw Data'!E30 -> Technical | F31: ='1. Raw Data'!F30 -> 2.2 | G31: =IF('1. Raw Data'!G30="",ROUND(IFERROR(AVERAGEIFS('1. Raw Data'!G2:G1201,'1. Raw Data'!C2:C1201,'1. Raw Data'!C30,'1. Raw Data'!D2:D1201,'1. Raw Data'!D30),0),2),'1. Raw Data'!G30) -> 4145.58 | H31: =PROPER('1. Raw Data'!H30) -> No | I31: ='1. Raw Data'!I30 -> 1 | J31: ='1. Raw Data'!J30 -> 4 | K31: ='1. Raw Data'!K30 -> 1 | L31: ='1. Raw Data'!L30 -> 2 | M31: ='1. Raw Data'!M30 -> 1 | N31: ='1. Raw Data'!N30 -> No
A32: ='1. Raw Data'!A31 -> EMP-0030 | B32: ='1. Raw Data'!B31 -> 31 | C32: ='1. Raw Data'!C31 -> Finance | D32: ='1. Raw Data'!D31 -> Junior | E32: ='1. Raw Data'!E31 -> Technical | F32: ='1. Raw Data'!F31 -> 2 | G32: =IF('1. Raw Data'!G31="",ROUND(IFERROR(AVERAGEIFS('1. Raw Data'!G2:G1201,'1. Raw Data'!C2:C1201,'1. Raw Data'!C31,'1. Raw Data'!D2:D1201,'1. Raw Data'!D31),0),2),'1. Raw Data'!G31) -> 3456.32 | H32: =PROPER('1. Raw Data'!H31) -> No | I32: ='1. Raw Data'!I31 -> 1 | J32: ='1. Raw Data'!J31 -> 4 | K32: ='1. Raw Data'!K31 -> 19 | L32: ='1. Raw Data'!L31 -> 0 | M32: ='1. Raw Data'!M31 -> 2 | N32: ='1. Raw Data'!N31 -> Yes
A33: ='1. Raw Data'!A32 -> EMP-0031 | B33: ='1. Raw Data'!B32 -> 45 | C33: ='1. Raw Data'!C32 -> Engineering | D33: ='1. Raw Data'!D32 -> Senior | E33: ='1. Raw Data'!E32 -> Other | F33: ='1. Raw Data'!F32 -> 4 | G33: =IF('1. Raw Data'!G32="",ROUND(IFERROR(AVERAGEIFS('1. Raw Data'!G2:G1201,'1. Raw Data'!C2:C1201,'1. Raw Data'!C32,'1. Raw Data'!D2:D1201,'1. Raw Data'!D32),0),2),'1. Raw Data'!G32) -> 6392.62 | H33: =PROPER('1. Raw Data'!H32) -> No | I33: ='1. Raw Data'!I32 -> 2 | J33: ='1. Raw Data'!J32 -> 4 | K33: ='1. Raw Data'!K32 -> 5 | L33: ='1. Raw Data'!L32 -> 0 | M33: ='1. Raw Data'!M32 -> 4 | N33: ='1. Raw Data'!N32 -> Yes
A34: ='1. Raw Data'!A33 -> EMP-0032 | B34: ='1. Raw Data'!B33 -> 34 | C34: ='1. Raw Data'!C33 -> Sales | D34: ='1. Raw Data'!D33 -> Mid | E34: ='1. Raw Data'!E33 -> Marketing | F34: ='1. Raw Data'!F33 -> 0.5 | G34: =IF('1. Raw Data'!G33="",ROUND(IFERROR(AVERAGEIFS('1. Raw Data'!G2:G1201,'1. Raw Data'!C2:C1201,'1. Raw Data'!C33,'1. Raw Data'!D2:D1201,'1. Raw Data'!D33),0),2),'1. Raw Data'!G33) -> 4986.2 | H34: =PROPER('1. Raw Data'!H33) -> Yes | I34: ='1. Raw Data'!I33 -> 3 | J34: ='1. Raw Data'!J33 -> 3 | K34: ='1. Raw Data'!K33 -> 2 | L34: ='1. Raw Data'!L33 -> 0 | M34: ='1. Raw Data'!M33 -> 1 | N34: ='1. Raw Data'!N33 -> No
A35: ='1. Raw Data'!A34 -> EMP-0033 | B35: ='1. Raw Data'!B34 -> 45 | C35: ='1. Raw Data'!C34 -> Marketing | D35: ='1. Raw Data'!D34 -> Senior | E35: ='1. Raw Data'!E34 -> Marketing | F35: ='1. Raw Data'!F34 -> 1 | G35: =IF('1. Raw Data'!G34="",ROUND(IFERROR(AVERAGEIFS('1. Raw Data'!G2:G1201,'1. Raw Data'!C2:C1201,'1. Raw Data'!C34,'1. Raw Data'!D2:D1201,'1. Raw Data'!D34),0),2),'1. Raw Data'!G34) -> 7306.64 | H35: =PROPER('1. Raw Data'!H34) -> No | I35: ='1. Raw Data'!I34 -> 3 | J35: ='1. Raw Data'!J34 -> 3 | K35: ='1. Raw Data'!K34 -> 14 | L35: ='1. Raw Data'!L34 -> 0 | M35: ='1. Raw Data'!M34 -> 4 | N35: ='1. Raw Data'!N34 -> No
A36: ='1. Raw Data'!A35 -> EMP-0034 | B36: ='1. Raw Data'!B35 -> 44 | C36: ='1. Raw Data'!C35 -> HR | D36: ='1. Raw Data'!D35 -> Lead | E36: ='1. Raw Data'!E35 -> Other | F36: ='1. Raw Data'!F35 -> 1 | G36: =IF('1. Raw Data'!G35="",ROUND(IFERROR(AVERAGEIFS('1. Raw Data'!G2:G1201,'1. Raw Data'!C2:C1201,'1. Raw Data'!C35,'1. Raw Data'!D2:D1201,'1. Raw Data'!D35),0),2),'1. Raw Data'!G35) -> 11157.97 | H36: =PROPER('1. Raw Data'!H35) -> No | I36: ='1. Raw Data'!I35 -> 2 | J36: ='1. Raw Data'!J35 -> 3 | K36: ='1. Raw Data'!K35 -> 18 | L36: ='1. Raw Data'!L35 -> 1 | M36: ='1. Raw Data'!M35 -> 2 | N36: ='1. Raw Data'!N35 -> No
A37: ='1. Raw Data'!A36 -> EMP-0035 | B37: ='1. Raw Data'!B36 -> 30 | C37: ='1. Raw Data'!C36 -> Marketing | D37: ='1. Raw Data'!D36 -> Junior | E37: ='1. Raw Data'!E36 -> Technical | F37: ='1. Raw Data'!F36 -> 1.3 | G37: =IF('1. Raw Data'!G36="",ROUND(IFERROR(AVERAGEIFS('1. Raw Data'!G2:G1201,'1. Raw Data'!C2:C1201,'1. Raw Data'!C36,'1. Raw Data'!D2:D1201,'1. Raw Data'!D36),0),2),'1. Raw Data'!G36) -> 3357.91 | H37: =PROPER('1. Raw Data'!H36) -> No | I37: ='1. Raw Data'!I36 -> 4 | J37: ='1. Raw Data'!J36 -> 4 | K37: ='1. Raw Data'!K36 -> 2 | L37: ='1. Raw Data'!L36 -> 0 | M37: ='1. Raw Data'!M36 -> 3 | N37: ='1. Raw Data'!N36 -> No
A38: ='1. Raw Data'!A37 -> EMP-0036 | B38: ='1. Raw Data'!B37 -> 38 | C38: ='1. Raw Data'!C37 -> Sales | D38: ='1. Raw Data'!D37 -> Mid | E38: ='1. Raw Data'!E37 -> Business | F38: ='1. Raw Data'!F37 -> 7.6 | G38: =IF('1. Raw Data'!G37="",ROUND(IFERROR(AVERAGEIFS('1. Raw Data'!G2:G1201,'1. Raw Data'!C2:C1201,'1. Raw Data'!C37,'1. Raw Data'!D2:D1201,'1. Raw Data'!D37),0),2),'1. Raw Data'!G37) -> 5617.54 | H38: =PROPER('1. Raw Data'!H37) -> No | I38: ='1. Raw Data'!I37 -> 4 | J38: ='1. Raw Data'!J37 -> 4 | K38: ='1. Raw Data'!K37 -> 1 | L38: ='1. Raw Data'!L37 -> 4 | M38: ='1. Raw Data'!M37 -> 1 | N38: ='1. Raw Data'!N37 -> No
A39: ='1. Raw Data'!A38 -> EMP-0037 | B39: ='1. Raw Data'!B38 -> 34 | C39: ='1. Raw Data'!C38 -> Customer Support | D39: ='1. Raw Data'!D38 -> Mid | E39: ='1. Raw Data'!E38 -> Marketing | F39: ='1. Raw Data'!F38 -> 1.3 | G39: =IF('1. Raw Data'!G38="",ROUND(IFERROR(AVERAGEIFS('1. Raw Data'!G2:G1201,'1. Raw Data'!C2:C1201,'1. Raw Data'!C38,'1. Raw Data'!D2:D1201,'1. Raw Data'!D38),0),2),'1. Raw Data'!G38) -> 4708.58 | H39: =PROPER('1. Raw Data'!H38) -> No | I39: ='1. Raw Data'!I38 -> 4 | J39: ='1. Raw Data'!J38 -> 2 | K39: ='1. Raw Data'!K38 -> 2 | L39: ='1. Raw Data'!L38 -> 0 | M39: ='1. Raw Data'!M38 -> 1 | N39: ='1. Raw Data'!N38 -> Yes
A40: ='1. Raw Data'!A39 -> EMP-0038 | B40: ='1. Raw Data'!B39 -> 38 | C40: ='1. Raw Data'!C39 -> Engineering | D40: ='1. Raw Data'!D39 -> Junior | E40: ='1. Raw Data'!E39 -> Marketing | F40: ='1. Raw Data'!F39 -> 2.6 | G40: =IF('1. Raw Data'!G39="",ROUND(IFERROR(AVERAGEIFS('1. Raw Data'!G2:G1201,'1. Raw Data'!C2:C1201,'1. Raw Data'!C39,'1. Raw Data'!D2:D1201,'1. Raw Data'!D39),0),2),'1. Raw Data'!G39) -> 3768.35 | H40: =PROPER('1. Raw Data'!H39) -> No | I40: ='1. Raw Data'!I39 -> 1 | J40: ='1. Raw Data'!J39 -> 2 | K40: ='1. Raw Data'!K39 -> 4 | L40: ='1. Raw Data'!L39 -> 2 | M40: ='1. Raw Data'!M39 -> 1 | N40: ='1. Raw Data'!N39 -> No
A41: ='1. Raw Data'!A40 -> EMP-0039 | B41: ='1. Raw Data'!B40 -> 37 | C41: ='1. Raw Data'!C40 -> Customer Support | D41: ='1. Raw Data'!D40 -> Junior | E41: ='1. Raw Data'!E40 -> Technical | F41: ='1. Raw Data'!F40 -> 3.6 | G41: =IF('1. Raw Data'!G40="",ROUND(IFERROR(AVERAGEIFS('1. Raw Data'!G2:G1201,'1. Raw Data'!C2:C1201,'1. Raw Data'!C40,'1. Raw Data'!D2:D1201,'1. Raw Data'!D40),0),2),'1. Raw Data'!G40) -> 3180.35 | H41: =PROPER('1. Raw Data'!H40) -> No | I41: ='1. Raw Data'!I40 -> 3 | J41: ='1. Raw Data'!J40 -> 3 | K41: ='1. Raw Data'!K40 -> 3 | L41: ='1. Raw Data'!L40 -> 1 | M41: ='1. Raw Data'!M40 -> 3 | N41: ='1. Raw Data'!N40 -> No
A42: ='1. Raw Data'!A41 -> EMP-0040 | B42: ='1. Raw Data'!B41 -> 31 | C42: ='1. Raw Data'!C41 -> HR | D42: ='1. Raw Data'!D41 -> Mid | E42: ='1. Raw Data'!E41 -> Business | F42: ='1. Raw Data'!F41 -> 1.4 | G42: =IF('1. Raw Data'!G41="",ROUND(IFERROR(AVERAGEIFS('1. Raw Data'!G2:G1201,'1. Raw Data'!C2:C1201,'1. Raw Data'!C41,'1. Raw Data'!D2:D1201,'1. Raw Data'!D41),0),2),'1. Raw Data'!G41) -> 4229.36 | H42: =PROPER('1. Raw Data'!H41) -> No | I42: ='1. Raw Data'!I41 -> 1 | J42: ='1. Raw Data'!J41 -> 2 | K42: ='1. Raw Data'!K41 -> 12 | L42: ='1. Raw Data'!L41 -> 1 | M42: ='1. Raw Data'!M41 -> 1 | N42: ='1. Raw Data'!N41 -> Yes
A43: ='1. Raw Data'!A42 -> EMP-0041 | B43: ='1. Raw Data'!B42 -> 32 | C43: ='1. Raw Data'!C42 -> Engineering | D43: ='1. Raw Data'!D42 -> Senior | E43: ='1. Raw Data'!E42 -> Other | F43: ='1. Raw Data'!F42 -> 0.9 | G43: =IF('1. Raw Data'!G42="",ROUND(IFERROR(AVERAGEIFS('1. Raw Data'!G2:G1201,'1. Raw Data'!C2:C1201,'1. Raw Data'!C42,'1. Raw Data'!D2:D1201,'1. Raw Data'!D42),0),2),'1. Raw Data'!G42) -> 8541.41 | H43: =PROPER('1. Raw Data'!H42) -> No | I43: ='1. Raw Data'!I42 -> 3 | J43: ='1. Raw Data'!J42 -> 3 | K43: ='1. Raw Data'!K42 -> 2 | L43: ='1. Raw Data'!L42 -> 0 | M43: ='1. Raw Data'!M42 -> 3 | N43: ='1. Raw Data'!N42 -> No
A44: ='1. Raw Data'!A43 -> EMP-0042 | B44: ='1. Raw Data'!B43 -> 35 | C44: ='1. Raw Data'!C43 -> Engineering | D44: ='1. Raw Data'!D43 -> Mid | E44: ='1. Raw Data'!E43 -> Other | F44: ='1. Raw Data'!F43 -> 13.7 | G44: =IF('1. Raw Data'!G43="",ROUND(IFERROR(AVERAGEIFS('1. Raw Data'!G2:G1201,'1. Raw Data'!C2:C1201,'1. Raw Data'!C43,'1. Raw Data'!D2:D1201,'1. Raw Data'!D43),0),2),'1. Raw Data'!G43) -> 4330.45 | H44: =PROPER('1. Raw Data'!H43) -> No | I44: ='1. Raw Data'!I43 -> 3 | J44: ='1. Raw Data'!J43 -> 2 | K44: ='1. Raw Data'!K43 -> 26 | L44: ='1. Raw Data'!L43 -> 1 | M44: ='1. Raw Data'!M43 -> 2 | N44: ='1. Raw Data'!N43 -> No
A45: ='1. Raw Data'!A44 -> EMP-0043 | B45: ='1. Raw Data'!B44 -> 31 | C45: ='1. Raw Data'!C44 -> Customer Support | D45: ='1. Raw Data'!D44 -> Junior | E45: ='1. Raw Data'!E44 -> Business | F45: ='1. Raw Data'!F44 -> 2 | G45: =IF('1. Raw Data'!G44="",ROUND(IFERROR(AVERAGEIFS('1. Raw Data'!G2:G1201,'1. Raw Data'!C2:C1201,'1. Raw Data'!C44,'1. Raw Data'!D2:D1201,'1. Raw Data'!D44),0),2),'1. Raw Data'!G44) -> 3253.75 | H45: =PROPER('1. Raw Data'!H44) -> Yes | I45: ='1. Raw Data'!I44 -> 2 | J45: ='1. Raw Data'!J44 -> 3 | K45: ='1. Raw Data'!K44 -> 25 | L45: ='1. Raw Data'!L44 -> 2 | M45: ='1. Raw Data'!M44 -> 4 | N45: ='1. Raw Data'!N44 -> No
A46: ='1. Raw Data'!A45 -> EMP-0044 | B46: ='1. Raw Data'!B45 -> 26 | C46: ='1. Raw Data'!C45 -> Marketing | D46: ='1. Raw Data'!D45 -> Mid | E46: ='1. Raw Data'!E45 -> Business | F46: ='1. Raw Data'!F45 -> 1.2 | G46: =IF('1. Raw Data'!G45="",ROUND(IFERROR(AVERAGEIFS('1. Raw Data'!G2:G1201,'1. Raw Data'!C2:C1201,'1. Raw Data'!C45,'1. Raw Data'!D2:D1201,'1. Raw Data'!D45),0),2),'1. Raw Data'!G45) -> 4096.37 | H46: =PROPER('1. Raw Data'!H45) -> No | I46: ='1. Raw Data'!I45 -> 4 | J46: ='1. Raw Data'!J45 -> 3 | K46: ='1. Raw Data'!K45 -> 7 | L46: ='1. Raw Data'!L45 -> 1 | M46: ='1. Raw Data'!M45 -> 3 | N46: ='1. Raw Data'!N45 -> No
A47: ='1. Raw Data'!A46 -> EMP-0045 | B47: ='1. Raw Data'!B46 -> 21 | C47: ='1. Raw Data'!C46 -> Engineering | D47: ='1. Raw Data'!D46 -> Junior | E47: ='1. Raw Data'!E46 -> Business | F47: ='1. Raw Data'!F46 -> 0 | G47: =IF('1. Raw Data'!G46="",ROUND(IFERROR(AVERAGEIFS('1. Raw Data'!G2:G1201,'1. Raw Data'!C2:C1201,'1. Raw Data'!C46,'1. Raw Data'!D2:D1201,'1. Raw Data'!D46),0),2),'1. Raw Data'!G46) -> 3132.62 | H47: =PROPER('1. Raw Data'!H46) -> No | I47: ='1. Raw Data'!I46 -> 2 | J47: ='1. Raw Data'!J46 -> 4 | K47: ='1. Raw Data'!K46 -> 9 | L47: ='1. Raw Data'!L46 -> 0 | M47: ='1. Raw Data'!M46 -> 1 | N47: ='1. Raw Data'!N46 -> Yes
A48: ='1. Raw Data'!A47 -> EMP-0046 | B48: ='1. Raw Data'!B47 -> 35 | C48: ='1. Raw Data'!C47 -> Customer Support | D48: ='1. Raw Data'!D47 -> Mid | E48: ='1. Raw Data'!E47 -> Marketing | F48: ='1. Raw Data'!F47 -> 7.2 | G48: =IF('1. Raw Data'!G47="",ROUND(IFERROR(AVERAGEIFS('1. Raw Data'!G2:G1201,'1. Raw Data'!C2:C1201,'1. Raw Data'!C47,'1. Raw Data'!D2:D1201,'1. Raw Data'!D47),0),2),'1. Raw Data'!G47) -> 5603.82 | H48: =PROPER('1. Raw Data'!H47) -> Yes | I48: ='1. Raw Data'!I47 -> 4 | J48: ='1. Raw Data'!J47 -> 1 | K48: ='1. Raw Data'!K47 -> 1 | L48: ='1. Raw Data'!L47 -> 0 | M48: ='1. Raw Data'!M47 -> 1 | N48: ='1. Raw Data'!N47 -> No
A49: ='1. Raw Data'!A48 -> EMP-0047 | B49: ='1. Raw Data'!B48 -> 25 | C49: ='1. Raw Data'!C48 -> Customer Support | D49: ='1. Raw Data'!D48 -> Junior | E49: ='1. Raw Data'!E48 -> Technical | F49: ='1. Raw Data'!F48 -> 1 | G49: =IF('1. Raw Data'!G48="",ROUND(IFERROR(AVERAGEIFS('1. Raw Data'!G2:G1201,'1. Raw Data'!C2:C1201,'1. Raw Data'!C48,'1. Raw Data'!D2:D1201,'1. Raw Data'!D48),0),2),'1. Raw Data'!G48) -> 2727.14 | H49: =PROPER('1. Raw Data'!H48) -> Yes | I49: ='1. Raw Data'!I48 -> 3 | J49: ='1. Raw Data'!J48 -> 3 | K49: ='1. Raw Data'!K48 -> 2 | L49: ='1. Raw Data'!L48 -> 0 | M49: ='1. Raw Data'!M48 -> 0 | N49: ='1. Raw Data'!N48 -> No
A50: ='1. Raw Data'!A49 -> EMP-0048 | B50: ='1. Raw Data'!B49 -> 32 | C50: ='1. Raw Data'!C49 -> Customer Support | D50: ='1. Raw Data'!D49 -> Junior | E50: ='1. Raw Data'!E49 -> Marketing | F50: ='1. Raw Data'!F49 -> 1.5 | G50: =IF('1. Raw Data'!G49="",ROUND(IFERROR(AVERAGEIFS('1. Raw Data'!G2:G1201,'1. Raw Data'!C2:C1201,'1. Raw Data'!C49,'1. Raw Data'!D2:D1201,'1. Raw Data'!D49),0),2),'1. Raw Data'!G49) -> 2900.91 | H50: =PROPER('1. Raw Data'!H49) -> Yes | I50: ='1. Raw Data'!I49 -> 2 | J50: ='1. Raw Data'!J49 -> 2 | K50: ='1. Raw Data'!K49 -> 1 | L50: ='1. Raw Data'!L49 -> 1 | M50: ='1. Raw Data'!M49 -> 2 | N50: ='1. Raw Data'!N49 -> Yes
A51: ='1. Raw Data'!A50 -> EMP-0049 | B51: ='1. Raw Data'!B50 -> 42 | C51: ='1. Raw Data'!C50 -> Marketing | D51: ='1. Raw Data'!D50 -> Mid | E51: ='1. Raw Data'!E50 -> Other | F51: ='1. Raw Data'!F50 -> 6.4 | G51: =IF('1. Raw Data'!G50="",ROUND(IFERROR(AVERAGEIFS('1. Raw Data'!G2:G1201,'1. Raw Data'!C2:C1201,'1. Raw Data'!C50,'1. Raw Data'!D2:D1201,'1. Raw Data'!D50),0),2),'1. Raw Data'!G50) -> 4300.94 | H51: =PROPER('1. Raw Data'!H50) -> No | I51: ='1. Raw Data'!I50 -> 4 | J51: ='1. Raw Data'!J50 -> 2 | K51: ='1. Raw Data'!K50 -> 4 | L51: ='1. Raw Data'!L50 -> 1 | M51: ='1. Raw Data'!M50 -> 3 | N51: ='1. Raw Data'!N50 -> No
A52: ='1. Raw Data'!A51 -> EMP-0050 | B52: ='1. Raw Data'!B51 -> 41 | C52: ='1. Raw Data'!C51 -> Sales | D52: ='1. Raw Data'!D51 -> Senior | E52: ='1. Raw Data'!E51 -> Other | F52: ='1. Raw Data'!F51 -> 2.2 | G52: =IF('1. Raw Data'!G51="",ROUND(IFERROR(AVERAGEIFS('1. Raw Data'!G2:G1201,'1. Raw Data'!C2:C1201,'1. Raw Data'!C51,'1. Raw Data'!D2:D1201,'1. Raw Data'!D51),0),2),'1. Raw Data'!G51) -> 6609.52 | H52: =PROPER('1. Raw Data'!H51) -> Yes | I52: ='1. Raw Data'!I51 -> 4 | J52: ='1. Raw Data'!J51 -> 4 | K52: ='1. Raw Data'!K51 -> 1 | L52: ='1. Raw Data'!L51 -> 0 | M52: ='1. Raw Data'!M51 -> 0 | N52: ='1. Raw Data'!N51 -> No
A53: ='1. Raw Data'!A52 -> EMP-0051 | B53: ='1. Raw Data'!B52 -> 28 | C53: ='1. Raw Data'!C52 -> Customer Support | D53: ='1. Raw Data'!D52 -> Junior | E53: ='1. Raw Data'!E52 -> Technical | F53: ='1. Raw Data'!F52 -> 1.9 | G53: =IF('1. Raw Data'!G52="",ROUND(IFERROR(AVERAGEIFS('1. Raw Data'!G2:G1201,'1. Raw Data'!C2:C1201,'1. Raw Data'!C52,'1. Raw Data'!D2:D1201,'1. Raw Data'!D52),0),2),'1. Raw Data'!G52) -> 3297.25 | H53: =PROPER('1. Raw Data'!H52) -> No | I53: ='1. Raw Data'!I52 -> 2 | J53: ='1. Raw Data'!J52 -> 1 | K53: ='1. Raw Data'!K52 -> 5 | L53: ='1. Raw Data'!L52 -> 0 | M53: ='1. Raw Data'!M52 -> 3 | N53: ='1. Raw Data'!N52 -> No
A54: ='1. Raw Data'!A53 -> EMP-0052 | B54: ='1. Raw Data'!B53 -> 39 | C54: ='1. Raw Data'!C53 -> Sales | D54: ='1. Raw Data'!D53 -> Junior | E54: ='1. Raw Data'!E53 -> Marketing | F54: ='1. Raw Data'!F53 -> 4.8 | G54: =IF('1. Raw Data'!G53="",ROUND(IFERROR(AVERAGEIFS('1. Raw Data'!G2:G1201,'1. Raw Data'!C2:C1201,'1. Raw Data'!C53,'1. Raw Data'!D2:D1201,'1. Raw Data'!D53),0),2),'1. Raw Data'!G53) -> 3738.85 | H54: =PROPER('1. Raw Data'!H53) -> Yes | I54: ='1. Raw Data'!I53 -> 4 | J54: ='1. Raw Data'!J53 -> 1 | K54: ='1. Raw Data'!K53 -> 9 | L54: ='1. Raw Data'!L53 -> 1 | M54: ='1. Raw Data'!M53 -> 2 | N54: ='1. Raw Data'!N53 -> No
A55: ='1. Raw Data'!A54 -> EMP-0053 | B55: ='1. Raw Data'!B54 -> 39 | C55: ='1. Raw Data'!C54 -> Customer Support | D55: ='1. Raw Data'!D54 -> Mid | E55: ='1. Raw Data'!E54 -> Business | F55: ='1. Raw Data'!F54 -> 0.1 | G55: =IF('1. Raw Data'!G54="",ROUND(IFERROR(AVERAGEIFS('1. Raw Data'!G2:G1201,'1. Raw Data'!C2:C1201,'1. Raw Data'!C54,'1. Raw Data'!D2:D1201,'1. Raw Data'!D54),0),2),'1. Raw Data'!G54) -> 4624.55 | H55: =PROPER('1. Raw Data'!H54) -> No | I55: ='1. Raw Data'!I54 -> 2 | J55: ='1. Raw Data'!J54 -> 3 | K55: ='1. Raw Data'!K54 -> 9 | L55: ='1. Raw Data'!L54 -> 0 | M55: ='1. Raw Data'!M54 -> 2 | N55: ='1. Raw Data'!N54 -> Yes
A56: ='1. Raw Data'!A55 -> EMP-0054 | B56: ='1. Raw Data'!B55 -> 29 | C56: ='1. Raw Data'!C55 -> Sales | D56: ='1. Raw Data'!D55 -> Lead | E56: ='1. Raw Data'!E55 -> Marketing | F56: ='1. Raw Data'!F55 -> 1.5 | G56: =IF('1. Raw Data'!G55="",ROUND(IFERROR(AVERAGEIFS('1. Raw Data'!G2:G1201,'1. Raw Data'!C2:C1201,'1. Raw Data'!C55,'1. Raw Data'!D2:D1201,'1. Raw Data'!D55),0),2),'1. Raw Data'!G55) -> 8256.47 | H56: =PROPER('1. Raw Data'!H55) -> No | I56: ='1. Raw Data'!I55 -> 1 | J56: ='1. Raw Data'!J55 -> 1 | K56: ='1. Raw Data'!K55 -> 21 | L56: ='1. Raw Data'!L55 -> 1 | M56: ='1. Raw Data'!M55 -> 1 | N56: ='1. Raw Data'!N55 -> No
A57: ='1. Raw Data'!A56 -> EMP-0055 | B57: ='1. Raw Data'!B56 -> 22 | C57: ='1. Raw Data'!C56 -> Sales | D57: ='1. Raw Data'!D56 -> Mid | E57: ='1. Raw Data'!E56 -> Business | F57: ='1. Raw Data'!F56 -> 1 | G57: =IF('1. Raw Data'!G56="",ROUND(IFERROR(AVERAGEIFS('1. Raw Data'!G2:G1201,'1. Raw Data'!C2:C1201,'1. Raw Data'!C56,'1. Raw Data'!D2:D1201,'1. Raw Data'!D56),0),2),'1. Raw Data'!G56) -> 5517.34 | H57: =PROPER('1. Raw Data'!H56) -> Yes | I57: ='1. Raw Data'!I56 -> 4 | J57: ='1. Raw Data'!J56 -> 3 | K57: ='1. Raw Data'!K56 -> 1 | L57: ='1. Raw Data'!L56 -> 1 | M57: ='1. Raw Data'!M56 -> 0 | N57: ='1. Raw Data'!N56 -> No
A58: ='1. Raw Data'!A57 -> EMP-0056 | B58: ='1. Raw Data'!B57 -> 39 | C58: ='1. Raw Data'!C57 -> Finance | D58: ='1. Raw Data'!D57 -> Junior | E58: ='1. Raw Data'!E57 -> Business | F58: ='1. Raw Data'!F57 -> 2.6 | G58: =IF('1. Raw Data'!G57="",ROUND(IFERROR(AVERAGEIFS('1. Raw Data'!G2:G1201,'1. Raw Data'!C2:C1201,'1. Raw Data'!C57,'1. Raw Data'!D2:D1201,'1. Raw Data'!D57),0),2),'1. Raw Data'!G57) -> 2996.86 | H58: =PROPER('1. Raw Data'!H57) -> No | I58: ='1. Raw Data'!I57 -> 3 | J58: ='1. Raw Data'!J57 -> 2 | K58: ='1. Raw Data'!K57 -> 1 | L58: ='1. Raw Data'!L57 -> 0 | M58: ='1. Raw Data'!M57 -> 1 | N58: ='1. Raw Data'!N57 -> No
A59: ='1. Raw Data'!A58 -> EMP-0057 | B59: ='1. Raw Data'!B58 -> 35 | C59: ='1. Raw Data'!C58 -> HR | D59: ='1. Raw Data'!D58 -> Junior | E59: ='1. Raw Data'!E58 -> Marketing | F59: ='1. Raw Data'!F58 -> 0.4 | G59: =IF('1. Raw Data'!G58="",ROUND(IFERROR(AVERAGEIFS('1. Raw Data'!G2:G1201,'1. Raw Data'!C2:C1201,'1. Raw Data'!C58,'1. Raw Data'!D2:D1201,'1. Raw Data'!D58),0),2),'1. Raw Data'!G58) -> 3092.11 | H59: =PROPER('1. Raw Data'!H58) -> No | I59: ='1. Raw Data'!I58 -> 3 | J59: ='1. Raw Data'!J58 -> 3 | K59: ='1. Raw Data'!K58 -> 4 | L59: ='1. Raw Data'!L58 -> 0 | M59: ='1. Raw Data'!M58 -> 1 | N59: ='1. Raw Data'!N58 -> No
A60: ='1. Raw Data'!A59 -> EMP-0058 | B60: ='1. Raw Data'!B59 -> 34 | C60: ='1. Raw Data'!C59 -> Marketing | D60: ='1. Raw Data'!D59 -> Mid | E60: ='1. Raw Data'!E59 -> Technical | F60: ='1. Raw Data'!F59 -> 0.5 | G60: =IF('1. Raw Data'!G59="",ROUND(IFERROR(AVERAGEIFS('1. Raw Data'!G2:G1201,'1. Raw Data'!C2:C1201,'1. Raw Data'!C59,'1. Raw Data'!D2:D1201,'1. Raw Data'!D59),0),2),'1. Raw Data'!G59) -> 5139.03 | H60: =PROPER('1. Raw Data'!H59) -> No | I60: ='1. Raw Data'!I59 -> 4 | J60: ='1. Raw Data'!J59 -> 4 | K60: ='1. Raw Data'!K59 -> 2 | L60: ='1. Raw Data'!L59 -> 0 | M60: ='1. Raw Data'!M59 -> 2 | N60: ='1. Raw Data'!N59 -> No
A61: ='1. Raw Data'!A60 -> EMP-0059 | B61: ='1. Raw Data'!B60 -> 44 | C61: ='1. Raw Data'!C60 -> Customer Support | D61: ='1. Raw Data'!D60 -> Senior | E61: ='1. Raw Data'!E60 -> Marketing | F61: ='1. Raw Data'!F60 -> 4.1 | G61: =IF('1. Raw Data'!G60="",ROUND(IFERROR(AVERAGEIFS('1. Raw Data'!G2:G1201,'1. Raw Data'!C2:C1201,'1. Raw Data'!C60,'1. Raw Data'!D2:D1201,'1. Raw Data'!D60),0),2),'1. Raw Data'!G60) -> 8444.27 | H61: =PROPER('1. Raw Data'!H60) -> No | I61: ='1. Raw Data'!I60 -> 4 | J61: ='1. Raw Data'!J60 -> 2 | K61: ='1. Raw Data'!K60 -> 3 | L61: ='1. Raw Data'!L60 -> 0 | M61: ='1. Raw Data'!M60 -> 1 | N61: ='1. Raw Data'!N60 -> No
A62: ='1. Raw Data'!A61 -> EMP-0060 | B62: ='1. Raw Data'!B61 -> 30 | C62: ='1. Raw Data'!C61 -> Customer Support | D62: ='1. Raw Data'!D61 -> Mid | E62: ='1. Raw Data'!E61 -> Technical | F62: ='1. Raw Data'!F61 -> 2.1 | G62: =IF('1. Raw Data'!G61="",ROUND(IFERROR(AVERAGEIFS('1. Raw Data'!G2:G1201,'1. Raw Data'!C2:C1201,'1. Raw Data'!C61,'1. Raw Data'!D2:D1201,'1. Raw Data'!D61),0),2),'1. Raw Data'!G61) -> 5447.41 | H62: =PROPER('1. Raw Data'!H61) -> Yes | I62: ='1. Raw Data'!I61 -> 2 | J62: ='1. Raw Data'!J61 -> 3 | K62: ='1. Raw Data'!K61 -> 1 | L62: ='1. Raw Data'!L61 -> 0 | M62: ='1. Raw Data'!M61 -> 1 | N62: ='1. Raw Data'!N61 -> No
A63: ='1. Raw Data'!A62 -> EMP-0061 | B63: ='1. Raw Data'!B62 -> 21 | C63: ='1. Raw Data'!C62 -> Finance | D63: ='1. Raw Data'!D62 -> Senior | E63: ='1. Raw Data'!E62 -> Technical | F63: ='1. Raw Data'!F62 -> 0 | G63: =IF('1. Raw Data'!G62="",ROUND(IFERROR(AVERAGEIFS('1. Raw Data'!G2:G1201,'1. Raw Data'!C2:C1201,'1. Raw Data'!C62,'1. Raw Data'!D2:D1201,'1. Raw Data'!D62),0),2),'1. Raw Data'!G62) -> 6466.41 | H63: =PROPER('1. Raw Data'!H62) -> No | I63: ='1. Raw Data'!I62 -> 4 | J63: ='1. Raw Data'!J62 -> 2 | K63: ='1. Raw Data'!K62 -> 10 | L63: ='1. Raw Data'!L62 -> 0 | M63: ='1. Raw Data'!M62 -> 2 | N63: ='1. Raw Data'!N62 -> No
A64: ='1. Raw Data'!A63 -> EMP-0062 | B64: ='1. Raw Data'!B63 -> 36 | C64: ='1. Raw Data'!C63 -> Sales | D64: ='1. Raw Data'!D63 -> Mid | E64: ='1. Raw Data'!E63 -> Business | F64: ='1. Raw Data'!F63 -> 2.4 | G64: =IF('1. Raw Data'!G63="",ROUND(IFERROR(AVERAGEIFS('1. Raw Data'!G2:G1201,'1. Raw Data'!C2:C1201,'1. Raw Data'!C63,'1. Raw Data'!D2:D1201,'1. Raw Data'!D63),0),2),'1. Raw Data'!G63) -> 5071.17 | H64: =PROPER('1. Raw Data'!H63) -> Yes | I64: ='1. Raw Data'!I63 -> 3 | J64: ='1. Raw Data'!J63 -> 4 | K64: ='1. Raw Data'!K63 -> 3 | L64: ='1. Raw Data'!L63 -> 2 | M64: ='1. Raw Data'!M63 -> 1 | N64: ='1. Raw Data'!N63 -> No
A65: ='1. Raw Data'!A64 -> EMP-0063 | B65: ='1. Raw Data'!B64 -> 46 | C65: ='1. Raw Data'!C64 -> Marketing | D65: ='1. Raw Data'!D64 -> Senior | E65: ='1. Raw Data'!E64 -> Other | F65: ='1. Raw Data'!F64 -> 4.8 | G65: =IF('1. Raw Data'!G64="",ROUND(IFERROR(AVERAGEIFS('1. Raw Data'!G2:G1201,'1. Raw Data'!C2:C1201,'1. Raw Data'!C64,'1. Raw Data'!D2:D1201,'1. Raw Data'!D64),0),2),'1. Raw Data'!G64) -> 7884.42 | H65: =PROPER('1. Raw Data'!H64) -> No | I65: ='1. Raw Data'!I64 -> 4 | J65: ='1. Raw Data'!J64 -> 2 | K65: ='1. Raw Data'!K64 -> 14 | L65: ='1. Raw Data'!L64 -> 1 | M65: ='1. Raw Data'!M64 -> 1 | N65: ='1. Raw Data'!N64 -> No
A66: ='1. Raw Data'!A65 -> EMP-0064 | B66: ='1. Raw Data'!B65 -> 39 | C66: ='1. Raw Data'!C65 -> Engineering | D66: ='1. Raw Data'!D65 -> Mid | E66: ='1. Raw Data'!E65 -> Marketing | F66: ='1. Raw Data'!F65 -> 3 | G66: =IF('1. Raw Data'!G65="",ROUND(IFERROR(AVERAGEIFS('1. Raw Data'!G2:G1201,'1. Raw Data'!C2:C1201,'1. Raw Data'!C65,'1. Raw Data'!D2:D1201,'1. Raw Data'!D65),0),2),'1. Raw Data'!G65) -> 4198.83 | H66: =PROPER('1. Raw Data'!H65) -> No | I66: ='1. Raw Data'!I65 -> 1 | J66: ='1. Raw Data'!J65 -> 3 | K66: ='1. Raw Data'!K65 -> 6 | L66: ='1. Raw Data'!L65 -> 2 | M66: ='1. Raw Data'!M65 -> 1 | N66: ='1. Raw Data'!N65 -> No
A67: ='1. Raw Data'!A66 -> EMP-0065 | B67: ='1. Raw Data'!B66 -> 38 | C67: ='1. Raw Data'!C66 -> Engineering | D67: ='1. Raw Data'!D66 -> Lead | E67: ='1. Raw Data'!E66 -> Marketing | F67: ='1. Raw Data'!F66 -> 1.3 | G67: =IF('1. Raw Data'!G66="",ROUND(IFERROR(AVERAGEIFS('1. Raw Data'!G2:G1201,'1. Raw Data'!C2:C1201,'1. Raw Data'!C66,'1. Raw Data'!D2:D1201,'1. Raw Data'!D66),0),2),'1. Raw Data'!G66) -> 9993.36 | H67: =PROPER('1. Raw Data'!H66) -> No | I67: ='1. Raw Data'!I66 -> 4 | J67: ='1. Raw Data'!J66 -> 3 | K67: ='1. Raw Data'!K66 -> 16 | L67: ='1. Raw Data'!L66 -> 0 | M67: ='1. Raw Data'!M66 -> 1 | N67: ='1. Raw Data'!N66 -> No
A68: ='1. Raw Data'!A67 -> EMP-0066 | B68: ='1. Raw Data'!B67 -> 38 | C68: ='1. Raw Data'!C67 -> Marketing | D68: ='1. Raw Data'!D67 -> Mid | E68: ='1. Raw Data'!E67 -> Technical | F68: ='1. Raw Data'!F67 -> 6.5 | G68: =IF('1. Raw Data'!G67="",ROUND(IFERROR(AVERAGEIFS('1. Raw Data'!G2:G1201,'1. Raw Data'!C2:C1201,'1. Raw Data'!C67,'1. Raw Data'!D2:D1201,'1. Raw Data'!D67),0),2),'1. Raw Data'!G67) -> 4871.59 | H68: =PROPER('1. Raw Data'!H67) -> No | I68: ='1. Raw Data'!I67 -> 2 | J68: ='1. Raw Data'!J67 -> 3 | K68: ='1. Raw Data'!K67 -> 4 | L68: ='1. Raw Data'!L67 -> 1 | M68: ='1. Raw Data'!M67 -> 1 | N68: ='1. Raw Data'!N67 -> No
A69: ='1. Raw Data'!A68 -> EMP-0067 | B69: ='1. Raw Data'!B68 -> 44 | C69: ='1. Raw Data'!C68 -> Sales | D69: ='1. Raw Data'!D68 -> Mid | E69: ='1. Raw Data'!E68 -> Marketing | F69: ='1. Raw Data'!F68 -> 1.8 | G69: =IF('1. Raw Data'!G68="",ROUND(IFERROR(AVERAGEIFS('1. Raw Data'!G2:G1201,'1. Raw Data'!C2:C1201,'1. Raw Data'!C68,'1. Raw Data'!D2:D1201,'1. Raw Data'!D68),0),2),'1. Raw Data'!G68) -> 5512.37 | H69: =PROPER('1. Raw Data'!H68) -> No | I69: ='1. Raw Data'!I68 -> 4 | J69: ='1. Raw Data'!J68 -> 3 | K69: ='1. Raw Data'!K68 -> 9 | L69: ='1. Raw Data'!L68 -> 0 | M69: ='1. Raw Data'!M68 -> 0 | N69: ='1. Raw Data'!N68 -> No
A70: ='1. Raw Data'!A69 -> EMP-0068 | B70: ='1. Raw Data'!B69 -> 39 | C70: ='1. Raw Data'!C69 -> Sales | D70: ='1. Raw Data'!D69 -> Mid | E70: ='1. Raw Data'!E69 -> Business | F70: ='1. Raw Data'!F69 -> 1.4 | G70: =IF('1. Raw Data'!G69="",ROUND(IFERROR(AVERAGEIFS('1. Raw Data'!G2:G1201,'1. Raw Data'!C2:C1201,'1. Raw Data'!C69,'1. Raw Data'!D2:D1201,'1. Raw Data'!D69),0),2),'1. Raw Data'!G69) -> 4156.77 | H70: =PROPER('1. Raw Data'!H69) -> No | I70: ='1. Raw Data'!I69 -> 4 | J70: ='1. Raw Data'!J69 -> 4 | K70: ='1. Raw Data'!K69 -> 34 | L70: ='1. Raw Data'!L69 -> 1 | M70: ='1. Raw Data'!M69 -> 1 | N70: ='1. Raw Data'!N69 -> Yes
A71: ='1. Raw Data'!A70 -> EMP-0069 | B71: ='1. Raw Data'!B70 -> 40 | C71: ='1. Raw Data'!C70 -> Customer Support | D71: ='1. Raw Data'!D70 -> Mid | E71: ='1. Raw Data'!E70 -> Business | F71: ='1. Raw Data'!F70 -> 7.3 | G71: =IF('1. Raw Data'!G70="",ROUND(IFERROR(AVERAGEIFS('1. Raw Data'!G2:G1201,'1. Raw Data'!C2:C1201,'1. Raw Data'!C70,'1. Raw Data'!D2:D1201,'1. Raw Data'!D70),0),2),'1. Raw Data'!G70) -> 4082.87 | H71: =PROPER('1. Raw Data'!H70) -> No | I71: ='1. Raw Data'!I70 -> 4 | J71: ='1. Raw Data'!J70 -> 3 | K71: ='1. Raw Data'!K70 -> 1 | L71: ='1. Raw Data'!L70 -> 0 | M71: ='1. Raw Data'!M70 -> 3 | N71: ='1. Raw Data'!N70 -> Yes
A72: ='1. Raw Data'!A71 -> EMP-0070 | B72: ='1. Raw Data'!B71 -> 22 | C72: ='1. Raw Data'!C71 -> Finance | D72: ='1. Raw Data'!D71 -> Junior | E72: ='1. Raw Data'!E71 -> Other | F72: ='1. Raw Data'!F71 -> 1 | G72: =IF('1. Raw Data'!G71="",ROUND(IFERROR(AVERAGEIFS('1. Raw Data'!G2:G1201,'1. Raw Data'!C2:C1201,'1. Raw Data'!C71,'1. Raw Data'!D2:D1201,'1. Raw Data'!D71),0),2),'1. Raw Data'!G71) -> 3657.04 | H72: =PROPER('1. Raw Data'!H71) -> No | I72: ='1. Raw Data'!I71 -> 4 | J72: ='1. Raw Data'!J71 -> 3 | K72: ='1. Raw Data'!K71 -> 14 | L72: ='1. Raw Data'!L71 -> 0 | M72: ='1. Raw Data'!M71 -> 2 | N72: ='1. Raw Data'!N71 -> No
A73: ='1. Raw Data'!A72 -> EMP-0071 | B73: ='1. Raw Data'!B72 -> 41 | C73: ='1. Raw Data'!C72 -> Finance | D73: ='1. Raw Data'!D72 -> Senior | E73: ='1. Raw Data'!E72 -> Other | F73: ='1. Raw Data'!F72 -> 2.7 | G73: =IF('1. Raw Data'!G72="",ROUND(IFERROR(AVERAGEIFS('1. Raw Data'!G2:G1201,'1. Raw Data'!C2:C1201,'1. Raw Data'!C72,'1. Raw Data'!D2:D1201,'1. Raw Data'!D72),0),2),'1. Raw Data'!G72) -> 6860.24 | H73: =PROPER('1. Raw Data'!H72) -> No | I73: ='1. Raw Data'!I72 -> 1 | J73: ='1. Raw Data'!J72 -> 3 | K73: ='1. Raw Data'!K72 -> 14 | L73: ='1. Raw Data'!L72 -> 0 | M73: ='1. Raw Data'!M72 -> 5 | N73: ='1. Raw Data'!N72 -> No
A74: ='1. Raw Data'!A73 -> EMP-0072 | B74: ='1. Raw Data'!B73 -> 32 | C74: ='1. Raw Data'!C73 -> Marketing | D74: ='1. Raw Data'!D73 -> Mid | E74: ='1. Raw Data'!E73 -> Marketing | F74: ='1. Raw Data'!F73 -> 0.2 | G74: =IF('1. Raw Data'!G73="",ROUND(IFERROR(AVERAGEIFS('1. Raw Data'!G2:G1201,'1. Raw Data'!C2:C1201,'1. Raw Data'!C73,'1. Raw Data'!D2:D1201,'1. Raw Data'!D73),0),2),'1. Raw Data'!G73) -> 4947.61 | H74: =PROPER('1. Raw Data'!H73) -> No | I74: ='1. Raw Data'!I73 -> 2 | J74: ='1. Raw Data'!J73 -> 1 | K74: ='1. Raw Data'!K73 -> 1 | L74: ='1. Raw Data'!L73 -> 0 | M74: ='1. Raw Data'!M73 -> 2 | N74: ='1. Raw Data'!N73 -> No
A75: ='1. Raw Data'!A74 -> EMP-0073 | B75: ='1. Raw Data'!B74 -> 24 | C75: ='1. Raw Data'!C74 -> Sales | D75: ='1. Raw Data'!D74 -> Lead | E75: ='1. Raw Data'!E74 -> Other | F75: ='1. Raw Data'!F74 -> 2.4 | G75: =IF('1. Raw Data'!G74="",ROUND(IFERROR(AVERAGEIFS('1. Raw Data'!G2:G1201,'1. Raw Data'!C2:C1201,'1. Raw Data'!C74,'1. Raw Data'!D2:D1201,'1. Raw Data'!D74),0),2),'1. Raw Data'!G74) -> 10554.75 | H75: =PROPER('1. Raw Data'!H74) -> Yes | I75: ='1. Raw Data'!I74 -> 3 | J75: ='1. Raw Data'!J74 -> 3 | K75: ='1. Raw Data'!K74 -> 25 | L75: ='1. Raw Data'!L74 -> 0 | M75: ='1. Raw Data'!M74 -> 2 | N75: ='1. Raw Data'!N74 -> No
A76: ='1. Raw Data'!A75 -> EMP-0074 | B76: ='1. Raw Data'!B75 -> 25 | C76: ='1. Raw Data'!C75 -> Engineering | D76: ='1. Raw Data'!D75 -> Senior | E76: ='1. Raw Data'!E75 -> Business | F76: ='1. Raw Data'!F75 -> 4 | G76: =IF('1. Raw Data'!G75="",ROUND(IFERROR(AVERAGEIFS('1. Raw Data'!G2:G1201,'1. Raw Data'!C2:C1201,'1. Raw Data'!C75,'1. Raw Data'!D2:D1201,'1. Raw Data'!D75),0),2),'1. Raw Data'!G75) -> 6809.02 | H76: =PROPER('1. Raw Data'!H75) -> No | I76: ='1. Raw Data'!I75 -> 1 | J76: ='1. Raw Data'!J75 -> 3 | K76: ='1. Raw Data'!K75 -> 28 | L76: ='1. Raw Data'!L75 -> 1 | M76: ='1. Raw Data'!M75 -> 1 | N76: ='1. Raw Data'!N75 -> No
A77: ='1. Raw Data'!A76 -> EMP-0075 | B77: ='1. Raw Data'!B76 -> 32 | C77: ='1. Raw Data'!C76 -> HR | D77: ='1. Raw Data'!D76 -> Junior | E77: ='1. Raw Data'!E76 -> Technical | F77: ='1. Raw Data'!F76 -> 2 | G77: =IF('1. Raw Data'!G76="",ROUND(IFERROR(AVERAGEIFS('1. Raw Data'!G2:G1201,'1. Raw Data'!C2:C1201,'1. Raw Data'!C76,'1. Raw Data'!D2:D1201,'1. Raw Data'!D76),0),2),'1. Raw Data'!G76) -> 3626.48 | H77: =PROPER('1. Raw Data'!H76) -> Yes | I77: ='1. Raw Data'!I76 -> 4 | J77: ='1. Raw Data'!J76 -> 3 | K77: ='1. Raw Data'!K76 -> 3 | L77: ='1. Raw Data'!L76 -> 2 | M77: ='1. Raw Data'!M76 -> 1 | N77: ='1. Raw Data'!N76 -> No
A78: ='1. Raw Data'!A77 -> EMP-0076 | B78: ='1. Raw Data'!B77 -> 43 | C78: ='1. Raw Data'!C77 -> Sales | D78: ='1. Raw Data'!D77 -> Mid | E78: ='1. Raw Data'!E77 -> Other | F78: ='1. Raw Data'!F77 -> 3.3 | G78: =IF('1. Raw Data'!G77="",ROUND(IFERROR(AVERAGEIFS('1. Raw Data'!G2:G1201,'1. Raw Data'!C2:C1201,'1. Raw Data'!C77,'1. Raw Data'!D2:D1201,'1. Raw Data'!D77),0),2),'1. Raw Data'!G77) -> 4249.12 | H78: =PROPER('1. Raw Data'!H77) -> No | I78: ='1. Raw Data'!I77 -> 2 | J78: ='1. Raw Data'!J77 -> 3 | K78: ='1. Raw Data'!K77 -> 1 | L78: ='1. Raw Data'!L77 -> 2 | M78: ='1. Raw Data'!M77 -> 2 | N78: ='1. Raw Data'!N77 -> No
A79: ='1. Raw Data'!A78 -> EMP-0077 | B79: ='1. Raw Data'!B78 -> 42 | C79: ='1. Raw Data'!C78 -> Finance | D79: ='1. Raw Data'!D78 -> Junior | E79: ='1. Raw Data'!E78 -> Other | F79: ='1. Raw Data'!F78 -> 4.7 | G79: =IF('1. Raw Data'!G78="",ROUND(IFERROR(AVERAGEIFS('1. Raw Data'!G2:G1201,'1. Raw Data'!C2:C1201,'1. Raw Data'!C78,'1. Raw Data'!D2:D1201,'1. Raw Data'!D78),0),2),'1. Raw Data'!G78) -> 3211.23 | H79: =PROPER('1. Raw Data'!H78) -> No | I79: ='1. Raw Data'!I78 -> 3 | J79: ='1. Raw Data'!J78 -> 2 | K79: ='1. Raw Data'!K78 -> 2 | L79: ='1. Raw Data'!L78 -> 1 | M79: ='1. Raw Data'!M78 -> 3 | N79: ='1. Raw Data'!N78 -> No
A80: ='1. Raw Data'!A79 -> EMP-0078 | B80: ='1. Raw Data'!B79 -> 38 | C80: ='1. Raw Data'!C79 -> Customer Support | D80: ='1. Raw Data'!D79 -> Mid | E80: ='1. Raw Data'!E79 -> Technical | F80: ='1. Raw Data'!F79 -> 4.5 | G80: =IF('1. Raw Data'!G79="",ROUND(IFERROR(AVERAGEIFS('1. Raw Data'!G2:G1201,'1. Raw Data'!C2:C1201,'1. Raw Data'!C79,'1. Raw Data'!D2:D1201,'1. Raw Data'!D79),0),2),'1. Raw Data'!G79) -> 4849.64 | H80: =PROPER('1. Raw Data'!H79) -> Yes | I80: ='1. Raw Data'!I79 -> 4 | J80: ='1. Raw Data'!J79 -> 3 | K80: ='1. Raw Data'!K79 -> 2 | L80: ='1. Raw Data'!L79 -> 1 | M80: ='1. Raw Data'!M79 -> 1 | N80: ='1. Raw Data'!N79 -> No
A81: ='1. Raw Data'!A80 -> EMP-0079 | B81: ='1. Raw Data'!B80 -> 30 | C81: ='1. Raw Data'!C80 -> Sales | D81: ='1. Raw Data'!D80 -> Senior | E81: ='1. Raw Data'!E80 -> Business | F81: ='1. Raw Data'!F80 -> 0.5 | G81: =IF('1. Raw Data'!G80="",ROUND(IFERROR(AVERAGEIFS('1. Raw Data'!G2:G1201,'1. Raw Data'!C2:C1201,'1. Raw Data'!C80,'1. Raw Data'!D2:D1201,'1. Raw Data'!D80),0),2),'1. Raw Data'!G80) -> 7319 | H81: =PROPER('1. Raw Data'!H80) -> No | I81: ='1. Raw Data'!I80 -> 3 | J81: ='1. Raw Data'!J80 -> 2 | K81: ='1. Raw Data'!K80 -> 11 | L81: ='1. Raw Data'!L80 -> 0 | M81: ='1. Raw Data'!M80 -> 0 | N81: ='1. Raw Data'!N80 -> No
A82: ='1. Raw Data'!A81 -> EMP-0080 | B82: ='1. Raw Data'!B81 -> 44 | C82: ='1. Raw Data'!C81 -> Customer Support | D82: ='1. Raw Data'!D81 -> Lead | E82: ='1. Raw Data'!E81 -> Other | F82: ='1. Raw Data'!F81 -> 4.1 | G82: =IF('1. Raw Data'!G81="",ROUND(IFERROR(AVERAGEIFS('1. Raw Data'!G2:G1201,'1. Raw Data'!C2:C1201,'1. Raw Data'!C81,'1. Raw Data'!D2:D1201,'1. Raw Data'!D81),0),2),'1. Raw Data'!G81) -> 8868.87 | H82: =PROPER('1. Raw Data'!H81) -> Yes | I82: ='1. Raw Data'!I81 -> 3 | J82: ='1. Raw Data'!J81 -> 4 | K82: ='1. Raw Data'!K81 -> 2 | L82: ='1. Raw Data'!L81 -> 1 | M82: ='1. Raw Data'!M81 -> 2 | N82: ='1. Raw Data'!N81 -> No
A83: ='1. Raw Data'!A82 -> EMP-0081 | B83: ='1. Raw Data'!B82 -> 37 | C83: ='1. Raw Data'!C82 -> Marketing | D83: ='1. Raw Data'!D82 -> Junior | E83: ='1. Raw Data'!E82 -> Technical | F83: ='1. Raw Data'!F82 -> 0.7 | G83: =IF('1. Raw Data'!G82="",ROUND(IFERROR(AVERAGEIFS('1. Raw Data'!G2:G1201,'1. Raw Data'!C2:C1201,'1. Raw Data'!C82,'1. Raw Data'!D2:D1201,'1. Raw Data'!D82),0),2),'1. Raw Data'!G82) -> 3186.16 | H83: =PROPER('1. Raw Data'!H82) -> No | I83: ='1. Raw Data'!I82 -> 4 | J83: ='1. Raw Data'!J82 -> 3 | K83: ='1. Raw Data'!K82 -> 8 | L83: ='1. Raw Data'!L82 -> 0 | M83: ='1. Raw Data'!M82 -> 2 | N83: ='1. Raw Data'!N82 -> No
A84: ='1. Raw Data'!A83 -> EMP-0082 | B84: ='1. Raw Data'!B83 -> 50 | C84: ='1. Raw Data'!C83 -> Sales | D84: ='1. Raw Data'!D83 -> Junior | E84: ='1. Raw Data'!E83 -> Technical | F84: ='1. Raw Data'!F83 -> 5.7 | G84: =IF('1. Raw Data'!G83="",ROUND(IFERROR(AVERAGEIFS('1. Raw Data'!G2:G1201,'1. Raw Data'!C2:C1201,'1. Raw Data'!C83,'1. Raw Data'!D2:D1201,'1. Raw Data'!D83),0),2),'1. Raw Data'!G83) -> 3488.46 | H84: =PROPER('1. Raw Data'!H83) -> Yes | I84: ='1. Raw Data'!I83 -> 1 | J84: ='1. Raw Data'!J83 -> 2 | K84: ='1. Raw Data'!K83 -> 10 | L84: ='1. Raw Data'!L83 -> 1 | M84: ='1. Raw Data'!M83 -> 3 | N84: ='1. Raw Data'!N83 -> No
A85: ='1. Raw Data'!A84 -> EMP-0083 | B85: ='1. Raw Data'!B84 -> 28 | C85: ='1. Raw Data'!C84 -> Finance | D85: ='1. Raw Data'!D84 -> Junior | E85: ='1. Raw Data'!E84 -> Other | F85: ='1. Raw Data'!F84 -> 0.2 | G85: =IF('1. Raw Data'!G84="",ROUND(IFERROR(AVERAGEIFS('1. Raw Data'!G2:G1201,'1. Raw Data'!C2:C1201,'1. Raw Data'!C84,'1. Raw Data'!D2:D1201,'1. Raw Data'!D84),0),2),'1. Raw Data'!G84) -> 2777.46 | H85: =PROPER('1. Raw Data'!H84) -> No | I85: ='1. Raw Data'!I84 -> 3 | J85: ='1. Raw Data'!J84 -> 4 | K85: ='1. Raw Data'!K84 -> 2 | L85: ='1. Raw Data'!L84 -> 0 | M85: ='1. Raw Data'!M84 -> 2 | N85: ='1. Raw Data'!N84 -> No
A86: ='1. Raw Data'!A85 -> EMP-0084 | B86: ='1. Raw Data'!B85 -> 28 | C86: ='1. Raw Data'!C85 -> Finance | D86: ='1. Raw Data'!D85 -> Junior | E86: ='1. Raw Data'!E85 -> Marketing | F86: ='1. Raw Data'!F85 -> 2.4 | G86: =IF('1. Raw Data'!G85="",ROUND(IFERROR(AVERAGEIFS('1. Raw Data'!G2:G1201,'1. Raw Data'!C2:C1201,'1. Raw Data'!C85,'1. Raw Data'!D2:D1201,'1. Raw Data'!D85),0),2),'1. Raw Data'!G85) -> 2725.09 | H86: =PROPER('1. Raw Data'!H85) -> No | I86: ='1. Raw Data'!I85 -> 2 | J86: ='1. Raw Data'!J85 -> 3 | K86: ='1. Raw Data'!K85 -> 27 | L86: ='1. Raw Data'!L85 -> 2 | M86: ='1. Raw Data'!M85 -> 0 | N86: ='1. Raw Data'!N85 -> No
A87: ='1. Raw Data'!A86 -> EMP-0085 | B87: ='1. Raw Data'!B86 -> 47 | C87: ='1. Raw Data'!C86 -> Marketing | D87: ='1. Raw Data'!D86 -> Mid | E87: ='1. Raw Data'!E86 -> Other | F87: ='1. Raw Data'!F86 -> 0 | G87: =IF('1. Raw Data'!G86="",ROUND(IFERROR(AVERAGEIFS('1. Raw Data'!G2:G1201,'1. Raw Data'!C2:C1201,'1. Raw Data'!C86,'1. Raw Data'!D2:D1201,'1. Raw Data'!D86),0),2),'1. Raw Data'!G86) -> 4220.76 | H87: =PROPER('1. Raw Data'!H86) -> No | I87: ='1. Raw Data'!I86 -> 3 | J87: ='1. Raw Data'!J86 -> 4 | K87: ='1. Raw Data'!K86 -> 2 | L87: ='1. Raw Data'!L86 -> 0 | M87: ='1. Raw Data'!M86 -> 0 | N87: ='1. Raw Data'!N86 -> No
A88: ='1. Raw Data'!A87 -> EMP-0086 | B88: ='1. Raw Data'!B87 -> 44 | C88: ='1. Raw Data'!C87 -> Finance | D88: ='1. Raw Data'!D87 -> Senior | E88: ='1. Raw Data'!E87 -> Technical | F88: ='1. Raw Data'!F87 -> 9.3 | G88: =IF('1. Raw Data'!G87="",ROUND(IFERROR(AVERAGEIFS('1. Raw Data'!G2:G1201,'1. Raw Data'!C2:C1201,'1. Raw Data'!C87,'1. Raw Data'!D2:D1201,'1. Raw Data'!D87),0),2),'1. Raw Data'!G87) -> 6790.06 | H88: =PROPER('1. Raw Data'!H87) -> No | I88: ='1. Raw Data'!I87 -> 2 | J88: ='1. Raw Data'!J87 -> 4 | K88: ='1. Raw Data'!K87 -> 5 | L88: ='1. Raw Data'!L87 -> 0 | M88: ='1. Raw Data'!M87 -> 2 | N88: ='1. Raw Data'!N87 -> Yes
A89: ='1. Raw Data'!A88 -> EMP-0087 | B89: ='1. Raw Data'!B88 -> 34 | C89: ='1. Raw Data'!C88 -> Customer Support | D89: ='1. Raw Data'!D88 -> Mid | E89: ='1. Raw Data'!E88 -> Business | F89: ='1. Raw Data'!F88 -> 9 | G89: =IF('1. Raw Data'!G88="",ROUND(IFERROR(AVERAGEIFS('1. Raw Data'!G2:G1201,'1. Raw Data'!C2:C1201,'1. Raw Data'!C88,'1. Raw Data'!D2:D1201,'1. Raw Data'!D88),0),2),'1. Raw Data'!G88) -> 5525.81 | H89: =PROPER('1. Raw Data'!H88) -> Yes | I89: ='1. Raw Data'!I88 -> 1 | J89: ='1. Raw Data'!J88 -> 3 | K89: ='1. Raw Data'!K88 -> 6 | L89: ='1. Raw Data'!L88 -> 0 | M89: ='1. Raw Data'!M88 -> 2 | N89: ='1. Raw Data'!N88 -> Yes
A90: ='1. Raw Data'!A89 -> EMP-0088 | B90: ='1. Raw Data'!B89 -> 21 | C90: ='1. Raw Data'!C89 -> Marketing | D90: ='1. Raw Data'!D89 -> Senior | E90: ='1. Raw Data'!E89 -> Business | F90: ='1. Raw Data'!F89 -> 0 | G90: =IF('1. Raw Data'!G89="",ROUND(IFERROR(AVERAGEIFS('1. Raw Data'!G2:G1201,'1. Raw Data'!C2:C1201,'1. Raw Data'!C89,'1. Raw Data'!D2:D1201,'1. Raw Data'!D89),0),2),'1. Raw Data'!G89) -> 6521.12 | H90: =PROPER('1. Raw Data'!H89) -> Yes | I90: ='1. Raw Data'!I89 -> 2 | J90: ='1. Raw Data'!J89 -> 4 | K90: ='1. Raw Data'!K89 -> 1 | L90: ='1. Raw Data'!L89 -> 0 | M90: ='1. Raw Data'!M89 -> 5 | N90: ='1. Raw Data'!N89 -> No
A91: ='1. Raw Data'!A90 -> EMP-0089 | B91: ='1. Raw Data'!B90 -> 40 | C91: ='1. Raw Data'!C90 -> Finance | D91: ='1. Raw Data'!D90 -> Junior | E91: ='1. Raw Data'!E90 -> Technical | F91: ='1. Raw Data'!F90 -> 0.6 | G91: =IF('1. Raw Data'!G90="",ROUND(IFERROR(AVERAGEIFS('1. Raw Data'!G2:G1201,'1. Raw Data'!C2:C1201,'1. Raw Data'!C90,'1. Raw Data'!D2:D1201,'1. Raw Data'!D90),0),2),'1. Raw Data'!G90) -> 2884.78 | H91: =PROPER('1. Raw Data'!H90) -> No | I91: ='1. Raw Data'!I90 -> 2 | J91: ='1. Raw Data'!J90 -> 3 | K91: ='1. Raw Data'!K90 -> 19 | L91: ='1. Raw Data'!L90 -> 0 | M91: ='1. Raw Data'!M90 -> 2 | N91: ='1. Raw Data'!N90 -> Yes
A92: ='1. Raw Data'!A91 -> EMP-0090 | B92: ='1. Raw Data'!B91 -> 21 | C92: ='1. Raw Data'!C91 -> Customer Support | D92: ='1. Raw Data'!D91 -> Senior | E92: ='1. Raw Data'!E91 -> Business | F92: ='1. Raw Data'!F91 -> 0 | G92: =IF('1. Raw Data'!G91="",ROUND(IFERROR(AVERAGEIFS('1. Raw Data'!G2:G1201,'1. Raw Data'!C2:C1201,'1. Raw Data'!C91,'1. Raw Data'!D2:D1201,'1. Raw Data'!D91),0),2),'1. Raw Data'!G91) -> 7054.62 | H92: =PROPER('1. Raw Data'!H91) -> Yes | I92: ='1. Raw Data'!I91 -> 2 | J92: ='1. Raw Data'!J91 -> 3 | K92: ='1. Raw Data'!K91 -> 11 | L92: ='1. Raw Data'!L91 -> 0 | M92: ='1. Raw Data'!M91 -> 2 | N92: ='1. Raw Data'!N91 -> No
A93: ='1. Raw Data'!A92 -> EMP-0091 | B93: ='1. Raw Data'!B92 -> 34 | C93: ='1. Raw Data'!C92 -> Engineering | D93: ='1. Raw Data'!D92 -> Mid | E93: ='1. Raw Data'!E92 -> Other | F93: ='1. Raw Data'!F92 -> 1.7 | G93: =IF('1. Raw Data'!G92="",ROUND(IFERROR(AVERAGEIFS('1. Raw Data'!G2:G1201,'1. Raw Data'!C2:C1201,'1. Raw Data'!C92,'1. Raw Data'!D2:D1201,'1. Raw Data'!D92),0),2),'1. Raw Data'!G92) -> 5042.6 | H93: =PROPER('1. Raw Data'!H92) -> No | I93: ='1. Raw Data'!I92 -> 3 | J93: ='1. Raw Data'!J92 -> 3 | K93: ='1. Raw Data'!K92 -> 1 | L93: ='1. Raw Data'!L92 -> 1 | M93: ='1. Raw Data'!M92 -> 4 | N93: ='1. Raw Data'!N92 -> No
A94: ='1. Raw Data'!A93 -> EMP-0092 | B94: ='1. Raw Data'!B93 -> 46 | C94: ='1. Raw Data'!C93 -> Finance | D94: ='1. Raw Data'!D93 -> Junior | E94: ='1. Raw Data'!E93 -> Business | F94: ='1. Raw Data'!F93 -> 1.6 | G94: =IF('1. Raw Data'!G93="",ROUND(IFERROR(AVERAGEIFS('1. Raw Data'!G2:G1201,'1. Raw Data'!C2:C1201,'1. Raw Data'!C93,'1. Raw Data'!D2:D1201,'1. Raw Data'!D93),0),2),'1. Raw Data'!G93) -> 3331.73 | H94: =PROPER('1. Raw Data'!H93) -> No | I94: ='1. Raw Data'!I93 -> 4 | J94: ='1. Raw Data'!J93 -> 2 | K94: ='1. Raw Data'!K93 -> 16 | L94: ='1. Raw Data'!L93 -> 1 | M94: ='1. Raw Data'!M93 -> 1 | N94: ='1. Raw Data'!N93 -> No
A95: ='1. Raw Data'!A94 -> EMP-0093 | B95: ='1. Raw Data'!B94 -> 34 | C95: ='1. Raw Data'!C94 -> Sales | D95: ='1. Raw Data'!D94 -> Junior | E95: ='1. Raw Data'!E94 -> Business | F95: ='1. Raw Data'!F94 -> 1.3 | G95: =IF('1. Raw Data'!G94="",ROUND(IFERROR(AVERAGEIFS('1. Raw Data'!G2:G1201,'1. Raw Data'!C2:C1201,'1. Raw Data'!C94,'1. Raw Data'!D2:D1201,'1. Raw Data'!D94),0),2),'1. Raw Data'!G94) -> 3810.74 | H95: =PROPER('1. Raw Data'!H94) -> Yes | I95: ='1. Raw Data'!I94 -> 1 | J95: ='1. Raw Data'!J94 -> 3 | K95: ='1. Raw Data'!K94 -> 7 | L95: ='1. Raw Data'!L94 -> 0 | M95: ='1. Raw Data'!M94 -> 1 | N95: ='1. Raw Data'!N94 -> Yes
A96: ='1. Raw Data'!A95 -> EMP-0094 | B96: ='1. Raw Data'!B95 -> 39 | C96: ='1. Raw Data'!C95 -> Customer Support | D96: ='1. Raw Data'!D95 -> Mid | E96: ='1. Raw Data'!E95 -> Business | F96: ='1. Raw Data'!F95 -> 0.6 | G96: =IF('1. Raw Data'!G95="",ROUND(IFERROR(AVERAGEIFS('1. Raw Data'!G2:G1201,'1. Raw Data'!C2:C1201,'1. Raw Data'!C95,'1. Raw Data'!D2:D1201,'1. Raw Data'!D95),0),2),'1. Raw Data'!G95) -> 4288.8 | H96: =PROPER('1. Raw Data'!H95) -> Yes | I96: ='1. Raw Data'!I95 -> 3 | J96: ='1. Raw Data'!J95 -> 2 | K96: ='1. Raw Data'!K95 -> 11 | L96: ='1. Raw Data'!L95 -> 0 | M96: ='1. Raw Data'!M95 -> 0 | N96: ='1. Raw Data'!N95 -> No
A97: ='1. Raw Data'!A96 -> EMP-0095 | B97: ='1. Raw Data'!B96 -> 29 | C97: ='1. Raw Data'!C96 -> Engineering | D97: ='1. Raw Data'!D96 -> Mid | E97: ='1. Raw Data'!E96 -> Technical | F97: ='1. Raw Data'!F96 -> 0 | G97: =IF('1. Raw Data'!G96="",ROUND(IFERROR(AVERAGEIFS('1. Raw Data'!G2:G1201,'1. Raw Data'!C2:C1201,'1. Raw Data'!C96,'1. Raw Data'!D2:D1201,'1. Raw Data'!D96),0),2),'1. Raw Data'!G96) -> 5172.28 | H97: =PROPER('1. Raw Data'!H96) -> No | I97: ='1. Raw Data'!I96 -> 4 | J97: ='1. Raw Data'!J96 -> 3 | K97: ='1. Raw Data'!K96 -> 7 | L97: ='1. Raw Data'!L96 -> 0 | M97: ='1. Raw Data'!M96 -> 1 | N97: ='1. Raw Data'!N96 -> No
A98: ='1. Raw Data'!A97 -> EMP-0096 | B98: ='1. Raw Data'!B97 -> 43 | C98: ='1. Raw Data'!C97 -> HR | D98: ='1. Raw Data'!D97 -> Mid | E98: ='1. Raw Data'!E97 -> Other | F98: ='1. Raw Data'!F97 -> 2.5 | G98: =IF('1. Raw Data'!G97="",ROUND(IFERROR(AVERAGEIFS('1. Raw Data'!G2:G1201,'1. Raw Data'!C2:C1201,'1. Raw Data'!C97,'1. Raw Data'!D2:D1201,'1. Raw Data'!D97),0),2),'1. Raw Data'!G97) -> 4563.67 | H98: =PROPER('1. Raw Data'!H97) -> Yes | I98: ='1. Raw Data'!I97 -> 2 | J98: ='1. Raw Data'!J97 -> 4 | K98: ='1. Raw Data'!K97 -> 1 | L98: ='1. Raw Data'!L97 -> 0 | M98: ='1. Raw Data'!M97 -> 1 | N98: ='1. Raw Data'!N97 -> No
A99: ='1. Raw Data'!A98 -> EMP-0097 | B99: ='1. Raw Data'!B98 -> 23 | C99: ='1. Raw Data'!C98 -> Customer Support | D99: ='1. Raw Data'!D98 -> Junior | E99: ='1. Raw Data'!E98 -> Marketing | F99: ='1. Raw Data'!F98 -> 2 | G99: =IF('1. Raw Data'!G98="",ROUND(IFERROR(AVERAGEIFS('1. Raw Data'!G2:G1201,'1. Raw Data'!C2:C1201,'1. Raw Data'!C98,'1. Raw Data'!D2:D1201,'1. Raw Data'!D98),0),2),'1. Raw Data'!G98) -> 3665.42 | H99: =PROPER('1. Raw Data'!H98) -> Yes | I99: ='1. Raw Data'!I98 -> 2 | J99: ='1. Raw Data'!J98 -> 3 | K99: ='1. Raw Data'!K98 -> 1 | L99: ='1. Raw Data'!L98 -> 2 | M99: ='1. Raw Data'!M98 -> 3 | N99: ='1. Raw Data'!N98 -> Yes
A100: ='1. Raw Data'!A99 -> EMP-0098 | B100: ='1. Raw Data'!B99 -> 54 | C100: ='1. Raw Data'!C99 -> Marketing | D100: ='1. Raw Data'!D99 -> Senior | E100: ='1. Raw Data'!E99 -> Technical | F100: ='1. Raw Data'!F99 -> 2.9 | G100: =IF('1. Raw Data'!G99="",ROUND(IFERROR(AVERAGEIFS('1. Raw Data'!G2:G1201,'1. Raw Data'!C2:C1201,'1. Raw Data'!C99,'1. Raw Data'!D2:D1201,'1. Raw Data'!D99),0),2),'1. Raw Data'!G99) -> 7814.87 | H100: =PROPER('1. Raw Data'!H99) -> No | I100: ='1. Raw Data'!I99 -> 4 | J100: ='1. Raw Data'!J99 -> 4 | K100: ='1. Raw Data'!K99 -> 4 | L100: ='1. Raw Data'!L99 -> 1 | M100: ='1. Raw Data'!M99 -> 0 | N100: ='1. Raw Data'!N99 -> No
...

Sheet 3. Attrition Summary
A1: HR Attrition Analysis — Summary (built from Cleaned Data tab)
A3: Attrition Rate by Department
A4: Department | B4: Headcount | C4: Leavers | D4: Attrition Rate | E4: Avg Tenure (yrs) | F4: Avg Monthly Income
A5: Customer Support | B5: =COUNTIF('2. Cleaned Data'!C3:C1202,A5) -> 247 | C5: =COUNTIFS('2. Cleaned Data'!C3:C1202,A5,'2. Cleaned Data'!N3:N1202,"Yes") -> 97 | D5: =IFERROR(C5/B5,0) -> 0.39271255 | E5: =IFERROR(AVERAGEIF('2. Cleaned Data'!C3:C1202,A5,'2. Cleaned Data'!F3:F1202),0) -> 2.5987854 | F5: =IFERROR(AVERAGEIF('2. Cleaned Data'!C3:C1202,A5,'2. Cleaned Data'!G3:G1202),0) -> 5143.6565
A6: Engineering | B6: =COUNTIF('2. Cleaned Data'!C3:C1202,A6) -> 271 | C6: =COUNTIFS('2. Cleaned Data'!C3:C1202,A6,'2. Cleaned Data'!N3:N1202,"Yes") -> 61 | D6: =IFERROR(C6/B6,0) -> 0.22509225 | E6: =IFERROR(AVERAGEIF('2. Cleaned Data'!C3:C1202,A6,'2. Cleaned Data'!F3:F1202),0) -> 2.4811808 | F6: =IFERROR(AVERAGEIF('2. Cleaned Data'!C3:C1202,A6,'2. Cleaned Data'!G3:G1202),0) -> 5095.5478
A7: Finance | B7: =COUNTIF('2. Cleaned Data'!C3:C1202,A7) -> 141 | C7: =COUNTIFS('2. Cleaned Data'!C3:C1202,A7,'2. Cleaned Data'!N3:N1202,"Yes") -> 30 | D7: =IFERROR(C7/B7,0) -> 0.21276596 | E7: =IFERROR(AVERAGEIF('2. Cleaned Data'!C3:C1202,A7,'2. Cleaned Data'!F3:F1202),0) -> 2.7333333 | F7: =IFERROR(AVERAGEIF('2. Cleaned Data'!C3:C1202,A7,'2. Cleaned Data'!G3:G1202),0) -> 5037.7382
A8: HR | B8: =COUNTIF('2. Cleaned Data'!C3:C1202,A8) -> 96 | C8: =COUNTIFS('2. Cleaned Data'!C3:C1202,A8,'2. Cleaned Data'!N3:N1202,"Yes") -> 20 | D8: =IFERROR(C8/B8,0) -> 0.20833333 | E8: =IFERROR(AVERAGEIF('2. Cleaned Data'!C3:C1202,A8,'2. Cleaned Data'!F3:F1202),0) -> 2.8895833 | F8: =IFERROR(AVERAGEIF('2. Cleaned Data'!C3:C1202,A8,'2. Cleaned Data'!G3:G1202),0) -> 5137.4895
A9: Marketing | B9: =COUNTIF('2. Cleaned Data'!C3:C1202,A9) -> 150 | C9: =COUNTIFS('2. Cleaned Data'!C3:C1202,A9,'2. Cleaned Data'!N3:N1202,"Yes") -> 28 | D9: =IFERROR(C9/B9,0) -> 0.18666667 | E9: =IFERROR(AVERAGEIF('2. Cleaned Data'!C3:C1202,A9,'2. Cleaned Data'!F3:F1202),0) -> 2.438 | F9: =IFERROR(AVERAGEIF('2. Cleaned Data'!C3:C1202,A9,'2. Cleaned Data'!G3:G1202),0) -> 5263.1728
A10: Sales | B10: =COUNTIF('2. Cleaned Data'!C3:C1202,A10) -> 295 | C10: =COUNTIFS('2. Cleaned Data'!C3:C1202,A10,'2. Cleaned Data'!N3:N1202,"Yes") -> 64 | D10: =IFERROR(C10/B10,0) -> 0.21694915 | E10: =IFERROR(AVERAGEIF('2. Cleaned Data'!C3:C1202,A10,'2. Cleaned Data'!F3:F1202),0) -> 2.5535593 | F10: =IFERROR(AVERAGEIF('2. Cleaned Data'!C3:C1202,A10,'2. Cleaned Data'!G3:G1202),0) -> 5272.0484
A11: Company-wide | B11: =SUM(B5:B10) -> 1200 | C11: =SUM(C5:C10) -> 300 | D11: =IFERROR(C11/B11,0) -> 0.25
A13: Attrition Rate by Overtime
A14: Value | B14: Headcount | C14: Leavers | D14: Attrition Rate
A15: Yes | B15: =COUNTIF('2. Cleaned Data'!H3:H1202,A15) -> 407 | C15: =COUNTIFS('2. Cleaned Data'!H3:H1202,A15,'2. Cleaned Data'!N3:N1202,"Yes") -> 144 | D15: =IFERROR(C15/B15,0) -> 0.35380835
A16: No | B16: =COUNTIF('2. Cleaned Data'!H3:H1202,A16) -> 793 | C16: =COUNTIFS('2. Cleaned Data'!H3:H1202,A16,'2. Cleaned Data'!N3:N1202,"Yes") -> 156 | D16: =IFERROR(C16/B16,0) -> 0.19672131
A18: Attrition Rate by Job Satisfaction (1=Low, 4=Very High)
A19: Value | B19: Headcount | C19: Leavers | D19: Attrition Rate
A20: 1 | B20: =COUNTIF('2. Cleaned Data'!I3:I1202,A20) -> 164 | C20: =COUNTIFS('2. Cleaned Data'!I3:I1202,A20,'2. Cleaned Data'!N3:N1202,"Yes") -> 61 | D20: =IFERROR(C20/B20,0) -> 0.37195122
A21: 2 | B21: =COUNTIF('2. Cleaned Data'!I3:I1202,A21) -> 232 | C21: =COUNTIFS('2. Cleaned Data'!I3:I1202,A21,'2. Cleaned Data'!N3:N1202,"Yes") -> 84 | D21: =IFERROR(C21/B21,0) -> 0.36206897
A22: 3 | B22: =COUNTIF('2. Cleaned Data'!I3:I1202,A22) -> 440 | C22: =COUNTIFS('2. Cleaned Data'!I3:I1202,A22,'2. Cleaned Data'!N3:N1202,"Yes") -> 73 | D22: =IFERROR(C22/B22,0) -> 0.16590909
A23: 4 | B23: =COUNTIF('2. Cleaned Data'!I3:I1202,A23) -> 364 | C23: =COUNTIFS('2. Cleaned Data'!I3:I1202,A23,'2. Cleaned Data'!N3:N1202,"Yes") -> 82 | D23: =IFERROR(C23/B23,0) -> 0.22527473
A25: Attrition Rate by Work-Life Balance (1=Bad, 4=Best)
A26: Value | B26: Headcount | C26: Leavers | D26: Attrition Rate
A27: 1 | B27: =COUNTIF('2. Cleaned Data'!J3:J1202,A27) -> 132 | C27: =COUNTIFS('2. Cleaned Data'!J3:J1202,A27,'2. Cleaned Data'!N3:N1202,"Yes") -> 51 | D27: =IFERROR(C27/B27,0) -> 0.38636364
A28: 2 | B28: =COUNTIF('2. Cleaned Data'!J3:J1202,A28) -> 290 | C28: =COUNTIFS('2. Cleaned Data'!J3:J1202,A28,'2. Cleaned Data'!N3:N1202,"Yes") -> 96 | D28: =IFERROR(C28/B28,0) -> 0.33103448
A29: 3 | B29: =COUNTIF('2. Cleaned Data'!J3:J1202,A29) -> 454 | C29: =COUNTIFS('2. Cleaned Data'!J3:J1202,A29,'2. Cleaned Data'!N3:N1202,"Yes") -> 90 | D29: =IFERROR(C29/B29,0) -> 0.19823789
A30: 4 | B30: =COUNTIF('2. Cleaned Data'!J3:J1202,A30) -> 324 | C30: =COUNTIFS('2. Cleaned Data'!J3:J1202,A30,'2. Cleaned Data'!N3:N1202,"Yes") -> 63 | D30: =IFERROR(C30/B30,0) -> 0.19444444

Sheet 4. Insights
A1: Key Insights
A3: 1. Customer Support has the highest attrition rate at 39.3%, nearly double the company-wide rate and well above every other department.
A4: 2. Employees working overtime leave at 35.4%, vs 19.7% for those who don't - the single strongest driver in the dataset.
A5: 3. Low job satisfaction (score 1-2) correlates with ~37% attrition, vs ~19% for scores 3-4.
A6: 4. Within Customer Support specifically, employees on overtime AND with low satisfaction leave at the highest rate of any segment (47.7%).
A7: 5. Recommendation: prioritize a retention intervention (workload review, overtime caps, or a pay/role review) for Customer Support staff currently working overtime, since this segment drives a disproportionate share of total attrition.
